﻿<?xml version="1.0" encoding="utf-8"?><toc><breadcrumbs><li><a href="d75eb659-6335-53f6-af7a-81814a21ab7f.htm">Docs</a></li><li><a href="d75eb659-6335-53f6-af7a-81814a21ab7f.htm">Mediatek<wbr />86_<wbr />rnc</a></li><li><a href="8e254d6d-42d6-2695-de53-0d28e0f96b99.htm">Mediatek<wbr />86</a></li></breadcrumbs><tocItems><li><a id="6175b384-062f-5f7f-1959-eb261a915e3b" class="has-submenu" href="6175b384-062f-5f7f-1959-eb261a915e3b.htm"><span data-tocFile="../toc/IDAAA.xml" class="icon toggle" onclick="ToggleExpandCollapse(this); return false;"><i class="fa fa-angle-right"> </i></span>Form<wbr />Authentification</a><ul class="toc-menu is-hidden"> </ul></li><li><a id="2b472735-30ea-0fe7-c1ab-e3a1f62e741d" class="has-submenu" href="2b472735-30ea-0fe7-c1ab-e3a1f62e741d.htm"><span data-tocFile="../toc/IDBAA.xml" class="icon toggle" onclick="ToggleExpandCollapse(this); return false;"><i class="fa fa-angle-right"> </i></span>Namespace<wbr />Doc</a><ul class="toc-menu is-hidden"> </ul></li><li><a id="185f7105-ab45-cc83-63e4-86dc9910f9f0" class="has-submenu" href="185f7105-ab45-cc83-63e4-86dc9910f9f0.htm"><span data-tocFile="../toc/IDCAA.xml" class="icon toggle" onclick="ToggleExpandCollapse(this); return false;"><i class="fa fa-angle-right"> </i></span>Program</a><ul class="toc-menu is-hidden"> </ul></li></tocItems></toc>