﻿<?xml version="1.0" encoding="utf-8"?><toc><breadcrumbs><li><a href="d75eb659-6335-53f6-af7a-81814a21ab7f.htm">Docs</a></li><li><a href="d75eb659-6335-53f6-af7a-81814a21ab7f.htm">Mediatek<wbr />86_<wbr />rnc</a></li><li><a href="8e254d6d-42d6-2695-de53-0d28e0f96b99.htm">Mediatek<wbr />86</a></li><li><a href="6175b384-062f-5f7f-1959-eb261a915e3b.htm">Form<wbr />Authentification</a></li></breadcrumbs><tocItems><li><a id="f1b0c4fb-3305-05c7-d315-b63100fc0c96" href="f1b0c4fb-3305-05c7-d315-b63100fc0c96.htm">Constructor</a></li><li><a id="fae34677-9e16-44f6-14c4-b68face64b3f" href="fae34677-9e16-44f6-14c4-b68face64b3f.htm">Properties</a></li><li><a id="31d951fd-d56d-9efa-40d3-0bc8a73c9729" class="has-submenu" href="31d951fd-d56d-9efa-40d3-0bc8a73c9729.htm"><span data-tocFile="../toc/IDCAAA.xml" class="icon toggle" onclick="ToggleExpandCollapse(this); return false;"><i class="fa fa-angle-right"> </i></span>Methods</a><ul class="toc-menu is-hidden"> </ul></li><li><a id="5f602fa6-f1ad-46f3-782c-6eaf22cbfc4d" href="5f602fa6-f1ad-46f3-782c-6eaf22cbfc4d.htm">Events</a></li><li><a id="8bb426b8-07bf-9992-50f7-95e9b8034a34" class="has-submenu" href="8bb426b8-07bf-9992-50f7-95e9b8034a34.htm"><span data-tocFile="../toc/IDEAAA.xml" class="icon toggle" onclick="ToggleExpandCollapse(this); return false;"><i class="fa fa-angle-right"> </i></span>Fields</a><ul class="toc-menu is-hidden"> </ul></li></tocItems></toc>