﻿<?xml version="1.0" encoding="utf-8"?><toc><breadcrumbs><li><a href="d75eb659-6335-53f6-af7a-81814a21ab7f.htm">Docs</a></li><li><a href="d75eb659-6335-53f6-af7a-81814a21ab7f.htm">Mediatek<wbr />86_<wbr />rnc</a></li><li><a href="db4dfb11-7c41-a4dc-b6fb-f9efc2501479.htm">Mediatek<wbr />86.<wbr />dal</a></li><li><a href="960b23aa-b5ab-d799-647e-47de1b86fa90.htm">Access</a></li></breadcrumbs><tocItems><li><a id="f84ebf42-562f-c4d9-7ed8-64e0726001a3" href="f84ebf42-562f-c4d9-7ed8-64e0726001a3.htm">Constructor</a></li><li><a id="6a39cc6d-1495-1278-8b52-e34d792935aa" class="has-submenu" href="6a39cc6d-1495-1278-8b52-e34d792935aa.htm"><span data-tocFile="../toc/IDBADA.xml" class="icon toggle" onclick="ToggleExpandCollapse(this); return false;"><i class="fa fa-angle-right"> </i></span>Methods</a><ul class="toc-menu is-hidden"> </ul></li><li><a id="3babbe33-6e16-4b0d-6228-f1f4f898b49a" class="has-submenu" href="3babbe33-6e16-4b0d-6228-f1f4f898b49a.htm"><span data-tocFile="../toc/IDCADA.xml" class="icon toggle" onclick="ToggleExpandCollapse(this); return false;"><i class="fa fa-angle-right"> </i></span>Fields</a><ul class="toc-menu is-hidden"> </ul></li></tocItems></toc>