﻿<?xml version="1.0" encoding="utf-8"?><toc><breadcrumbs><li><a href="d75eb659-6335-53f6-af7a-81814a21ab7f.htm">Docs</a></li><li><a href="d75eb659-6335-53f6-af7a-81814a21ab7f.htm">Mediatek<wbr />86_<wbr />rnc</a></li><li><a href="41b32f03-95e8-15a9-4d5d-997c3b2cb49e.htm">Mediatek<wbr />86.<wbr />controller</a></li><li><a href="59000759-51d3-974c-e730-9776b79cfafa.htm">Absence<wbr />Controller</a></li><li><a href="39e5809b-1b3c-4580-7c65-b46d65bd163b.htm">Methods</a></li></breadcrumbs><tocItems><li><a id="9eb77e32-b3d3-59ce-8111-172bfb798f2b" href="9eb77e32-b3d3-59ce-8111-172bfb798f2b.htm">Ajouter<wbr />Absence</a></li><li><a id="06c3f891-d4ba-b15b-cd5f-75759a3702b9" href="06c3f891-d4ba-b15b-cd5f-75759a3702b9.htm">Get<wbr />All<wbr />Absences</a></li><li><a id="4433aa37-a893-9021-0d4a-6f95eae8069c" href="4433aa37-a893-9021-0d4a-6f95eae8069c.htm">Modifier<wbr />Absence</a></li><li><a id="368f6f0d-8ea9-ce40-2213-aede071a8602" href="368f6f0d-8ea9-ce40-2213-aede071a8602.htm">Supprimer<wbr />Absence</a></li></tocItems></toc>