﻿<?xml version="1.0" encoding="utf-8"?><toc><breadcrumbs><li><a href="d75eb659-6335-53f6-af7a-81814a21ab7f.htm">Docs</a></li><li><a href="d75eb659-6335-53f6-af7a-81814a21ab7f.htm">Mediatek<wbr />86_<wbr />rnc</a></li><li><a href="db4dfb11-7c41-a4dc-b6fb-f9efc2501479.htm">Mediatek<wbr />86.<wbr />dal</a></li><li><a href="960b23aa-b5ab-d799-647e-47de1b86fa90.htm">Access</a></li><li><a href="6a39cc6d-1495-1278-8b52-e34d792935aa.htm">Methods</a></li></breadcrumbs><tocItems><li><a id="fa26450a-cb10-0549-5e15-f57b430e99fb" href="fa26450a-cb10-0549-5e15-f57b430e99fb.htm">Ajouter<wbr />Absence</a></li><li><a id="43230df9-1141-466b-c948-fdbf7e596698" href="43230df9-1141-466b-c948-fdbf7e596698.htm">Ajouter<wbr />Personnel</a></li><li><a id="0a06c3be-2c79-4ffe-d55f-a40e22d3e261" href="0a06c3be-2c79-4ffe-d55f-a40e22d3e261.htm">Existe<wbr />Personnel</a></li><li><a id="94929afd-5e3e-ec94-bb4b-252ef2262194" href="94929afd-5e3e-ec94-bb4b-252ef2262194.htm">Get<wbr />All<wbr />Absences</a></li><li><a id="1acfb294-6560-c6d7-7bcc-dd55ad6807ad" href="1acfb294-6560-c6d7-7bcc-dd55ad6807ad.htm">Get<wbr />All<wbr />Motifs</a></li><li><a id="e814b449-11af-c3de-4764-6de7ef1143a1" href="e814b449-11af-c3de-4764-6de7ef1143a1.htm">Get<wbr />All<wbr />Personnel</a></li><li><a id="d66ed25a-2d6d-632f-93c3-0d2a3b38643f" href="d66ed25a-2d6d-632f-93c3-0d2a3b38643f.htm">Get<wbr />All<wbr />Services</a></li><li><a id="b27488d2-675e-b7b1-97c7-eedcdc0eec6c" href="b27488d2-675e-b7b1-97c7-eedcdc0eec6c.htm">Modifier<wbr />Absence</a></li><li><a id="83096955-b823-4f11-b690-6e4f8f468446" href="83096955-b823-4f11-b690-6e4f8f468446.htm">Modifier<wbr />Personnel</a></li><li><a id="55dcd911-c878-9cc9-aa3a-fa9e7ce2be2e" href="55dcd911-c878-9cc9-aa3a-fa9e7ce2be2e.htm">Supprimer<wbr />Absence</a></li><li><a id="23b1d41c-a836-07ea-c7d4-5193646975a4" href="23b1d41c-a836-07ea-c7d4-5193646975a4.htm">Supprimer<wbr />Personnel</a></li></tocItems></toc>