﻿<?xml version="1.0" encoding="utf-8"?><toc><breadcrumbs><li><a href="d75eb659-6335-53f6-af7a-81814a21ab7f.htm">Docs</a></li><li><a href="d75eb659-6335-53f6-af7a-81814a21ab7f.htm">Mediatek<wbr />86_<wbr />rnc</a></li><li><a href="937b0601-fe9e-05b5-1e78-128589000dc0.htm">Mediatek<wbr />86.<wbr />bddmanager</a></li><li><a href="5f8bba51-2805-1088-c863-d86d1a236279.htm">Bdd<wbr />Manager</a></li><li><a href="b535d425-4a1f-2e18-228a-c20508433929.htm">Methods</a></li></breadcrumbs><tocItems><li><a id="07cfe828-3adf-3c5e-8e35-a25a0861ddda" href="07cfe828-3adf-3c5e-8e35-a25a0861ddda.htm">Get<wbr />Instance</a></li><li><a id="2afd58bc-4515-a9a3-ed63-11e12bfda13d" href="2afd58bc-4515-a9a3-ed63-11e12bfda13d.htm">Req<wbr />Select</a></li><li><a id="53fb9622-89e0-83e5-0985-1f6af3c0d2ee" href="53fb9622-89e0-83e5-0985-1f6af3c0d2ee.htm">Req<wbr />Update</a></li></tocItems></toc>