﻿<?xml version="1.0" encoding="utf-8"?><toc><breadcrumbs><li><a href="d75eb659-6335-53f6-af7a-81814a21ab7f.htm">Docs</a></li><li><a href="d75eb659-6335-53f6-af7a-81814a21ab7f.htm">Mediatek<wbr />86_<wbr />rnc</a></li><li><a href="db4dfb11-7c41-a4dc-b6fb-f9efc2501479.htm">Mediatek<wbr />86.<wbr />dal</a></li><li><a href="a59bd623-ee11-86bb-e90f-d353a7024b74.htm">Connexion</a></li></breadcrumbs><tocItems><li><a id="48b4130d-7b7b-74dd-47d2-48aa960cddfd" href="48b4130d-7b7b-74dd-47d2-48aa960cddfd.htm">Constructor</a></li><li><a id="91b24749-5fa6-74a9-a606-27fa75a8e217" href="91b24749-5fa6-74a9-a606-27fa75a8e217.htm">Constructor</a></li><li><a id="562f978c-6580-70ed-540d-91438e35f4fc" class="has-submenu" href="562f978c-6580-70ed-540d-91438e35f4fc.htm"><span data-tocFile="../toc/IDCBDA.xml" class="icon toggle" onclick="ToggleExpandCollapse(this); return false;"><i class="fa fa-angle-right"> </i></span>Methods</a><ul class="toc-menu is-hidden"> </ul></li><li><a id="0a1f9554-db7e-8f29-fde5-b29c188a570a" class="has-submenu" href="0a1f9554-db7e-8f29-fde5-b29c188a570a.htm"><span data-tocFile="../toc/IDDBDA.xml" class="icon toggle" onclick="ToggleExpandCollapse(this); return false;"><i class="fa fa-angle-right"> </i></span>Fields</a><ul class="toc-menu is-hidden"> </ul></li></tocItems></toc>