﻿<?xml version="1.0" encoding="utf-8"?><toc><breadcrumbs><li><a href="d75eb659-6335-53f6-af7a-81814a21ab7f.htm">Docs</a></li><li><a href="d75eb659-6335-53f6-af7a-81814a21ab7f.htm">Mediatek<wbr />86_<wbr />rnc</a></li><li><a href="3ff1a084-5200-7751-2fa7-cd010665c4cc.htm">Mediatek<wbr />86.<wbr />view</a></li><li><a href="497596b2-d15c-9348-32b4-23a749d7f454.htm">Form<wbr />Mediatheque</a></li><li><a href="4a2153aa-d99b-f354-9946-20818842b6b8.htm">Methods</a></li></breadcrumbs><tocItems><li><a id="370b833b-bbb6-f9fb-c0da-035dcbffde0f" href="370b833b-bbb6-f9fb-c0da-035dcbffde0f.htm">Activer<wbr />Boutons</a></li><li><a id="6929e77b-b0f6-d22d-dac1-6b3b13c144b5" href="6929e77b-b0f6-d22d-dac1-6b3b13c144b5.htm">Activer<wbr />Boutons<wbr />Abs</a></li><li><a id="f6e826e6-2f1a-e806-ced5-fe79e94d0aa0" href="f6e826e6-2f1a-e806-ced5-fe79e94d0aa0.htm">bnt<wbr />Ajouter<wbr />Abs_<wbr />Click</a></li><li><a id="b98333af-28b8-b3c1-016a-e49bcab69b7e" href="b98333af-28b8-b3c1-016a-e49bcab69b7e.htm">btn<wbr />Ajouter<wbr />Perso_<wbr />Click</a></li><li><a id="ffac03c3-2739-1d16-621d-25f748fe8d23" href="ffac03c3-2739-1d16-621d-25f748fe8d23.htm">btn<wbr />Modifier<wbr />Abs_<wbr />Click</a></li><li><a id="44b24168-b021-591f-0f19-906b656475ca" href="44b24168-b021-591f-0f19-906b656475ca.htm">btn<wbr />Modifier<wbr />Perso_<wbr />Click</a></li><li><a id="7e4d7596-465f-31a6-3d80-8ff6a6fa43b4" href="7e4d7596-465f-31a6-3d80-8ff6a6fa43b4.htm">btn<wbr />Supprimer<wbr />Abs_<wbr />Click</a></li><li><a id="eda74cbe-a805-c4cb-259d-a0d0e75e2c5d" href="eda74cbe-a805-c4cb-259d-a0d0e75e2c5d.htm">btn<wbr />Supprimer<wbr />Perso_<wbr />Click</a></li><li><a id="2d255a8d-4960-912e-5a0a-c927ca4e7ddb" href="2d255a8d-4960-912e-5a0a-c927ca4e7ddb.htm">btn<wbr />Valider_<wbr />Click</a></li><li><a id="14391197-3a5d-07e4-8648-ccf3b3bef1a6" href="14391197-3a5d-07e4-8648-ccf3b3bef1a6.htm">btn<wbr />Valider<wbr />Abs_<wbr />Click</a></li><li><a id="7da1bede-b995-7e23-1b66-b138486afc66" href="7da1bede-b995-7e23-1b66-b138486afc66.htm">combo<wbr />Service_<wbr />Selected<wbr />Index<wbr />Changed</a></li><li><a id="5bdb034a-7400-7796-2bf2-428412db0245" href="5bdb034a-7400-7796-2bf2-428412db0245.htm">Desactiver<wbr />Boutons</a></li><li><a id="a3f6431d-db4a-9240-0aef-bec609ed584b" href="a3f6431d-db4a-9240-0aef-bec609ed584b.htm">Desactiver<wbr />Boutons<wbr />Abs</a></li><li><a id="f899d73a-2b06-0815-c977-2ced8412fe7b" href="f899d73a-2b06-0815-c977-2ced8412fe7b.htm">dgv<wbr />Personnel_<wbr />Cell<wbr />Click</a></li><li><a id="b5429fd4-acb2-fe63-9f97-806762fd876c" href="b5429fd4-acb2-fe63-9f97-806762fd876c.htm">dgv<wbr />Personnel_<wbr />Cell<wbr />Content<wbr />Click</a></li><li><a id="da7ce0e4-797c-c120-d20e-33445d906b42" href="da7ce0e4-797c-c120-d20e-33445d906b42.htm">dgv<wbr />Personnel_<wbr />Click</a></li><li><a id="dbe9aeaa-10d5-ba47-94fd-97a0879821bf" href="dbe9aeaa-10d5-ba47-94fd-97a0879821bf.htm">dgv<wbr />Personnel_<wbr />Mouse<wbr />Click</a></li><li><a id="404d21c4-9825-4988-d8bb-40e9e50aef57" class="has-submenu" href="404d21c4-9825-4988-d8bb-40e9e50aef57.htm"><span data-tocFile="../toc/IDRCAFA.xml" class="icon toggle" onclick="ToggleExpandCollapse(this); return false;"><i class="fa fa-angle-right"> </i></span>Dispose</a><ul class="toc-menu is-hidden"> </ul></li><li><a id="62f31279-0b6c-8ae6-cf38-e191747723f9" href="62f31279-0b6c-8ae6-cf38-e191747723f9.htm">Form<wbr />Mediatheque_<wbr />Load</a></li><li><a id="d08bbafd-200c-7bfa-f9a1-e1c2270b7946" href="d08bbafd-200c-7bfa-f9a1-e1c2270b7946.htm">Form<wbr />Mediatheque_<wbr />Mouse<wbr />Click</a></li><li><a id="c7708926-2cda-646e-5b0a-c37b7d585747" href="c7708926-2cda-646e-5b0a-c37b7d585747.htm">Initialize<wbr />Component</a></li><li><a id="eacd9c11-b394-dfb4-4233-520975fd0f4d" href="eacd9c11-b394-dfb4-4233-520975fd0f4d.htm">Raffraichir</a></li><li><a id="f9d003bf-7a5b-5cb1-eceb-b4bad06092fd" href="f9d003bf-7a5b-5cb1-eceb-b4bad06092fd.htm">Raffraichir<wbr />Abs</a></li><li><a id="72a9d37e-783f-8c7c-7bc0-f862bbc79056" href="72a9d37e-783f-8c7c-7bc0-f862bbc79056.htm">Remplir<wbr />Absences</a></li><li><a id="f2be992b-02ed-b94b-1ad2-ab2662f58364" href="f2be992b-02ed-b94b-1ad2-ab2662f58364.htm">Remplir<wbr />Personnel</a></li><li><a id="c32bbad4-bb07-19a3-e69e-74f78655709b" href="c32bbad4-bb07-19a3-e69e-74f78655709b.htm">Selection<wbr />Cellule</a></li><li><a id="e89b20fb-1def-fe8a-d7b8-eeb63941d645" href="e89b20fb-1def-fe8a-d7b8-eeb63941d645.htm">Surligner</a></li><li><a id="402e49be-04cb-e632-eef0-130586c6f474" href="402e49be-04cb-e632-eef0-130586c6f474.htm">tab<wbr />Absence_<wbr />Click</a></li><li><a id="705e5adc-0391-aac2-c788-98afc4aac1c2" href="705e5adc-0391-aac2-c788-98afc4aac1c2.htm">tab<wbr />Perso_<wbr />Click</a></li><li><a id="2e9dc760-3b5f-745d-6142-205bc23f6da9" href="2e9dc760-3b5f-745d-6142-205bc23f6da9.htm">tab<wbr />Perso<wbr />Abs_<wbr />Selected<wbr />Index<wbr />Changed</a></li><li><a id="13d78726-f732-7def-417c-c7e4efa53554" href="13d78726-f732-7def-417c-c7e4efa53554.htm">txt<wbr />Mail_<wbr />Text<wbr />Changed</a></li><li><a id="d3db9b50-4212-da47-3afa-f902ec21484e" href="d3db9b50-4212-da47-3afa-f902ec21484e.htm">txt<wbr />Nom_<wbr />Text<wbr />Changed</a></li><li><a id="4830530e-e102-0542-a3f6-18f7fa453a67" href="4830530e-e102-0542-a3f6-18f7fa453a67.htm">txt<wbr />Prenom_<wbr />Text<wbr />Changed</a></li><li><a id="e27a0655-011a-7516-b00a-ab40ffe5d48c" href="e27a0655-011a-7516-b00a-ab40ffe5d48c.htm">txt<wbr />Tel_<wbr />Text<wbr />Changed</a></li><li><a id="2109999d-ee0d-8d1b-23f0-7c964ce82ebc" href="2109999d-ee0d-8d1b-23f0-7c964ce82ebc.htm">Verifier<wbr />Champs<wbr />Et<wbr />Activer<wbr />Boutons</a></li></tocItems></toc>