﻿<?xml version="1.0" encoding="utf-8"?><toc><breadcrumbs><li><a href="d75eb659-6335-53f6-af7a-81814a21ab7f.htm">Docs</a></li><li><a href="d75eb659-6335-53f6-af7a-81814a21ab7f.htm">Mediatek<wbr />86_<wbr />rnc</a></li><li><a href="41b32f03-95e8-15a9-4d5d-997c3b2cb49e.htm">Mediatek<wbr />86.<wbr />controller</a></li><li><a href="c6924e25-37d4-fbf2-eaf8-762c346fd13b.htm">Authentification</a></li><li><a href="4b113989-be79-53b5-0147-574b97a0cb28.htm">Fields</a></li></breadcrumbs><tocItems><li><a id="71029e3d-8056-dfba-f6d9-739a1bcf50cd" href="71029e3d-8056-dfba-f6d9-739a1bcf50cd.htm">responsable</a></li></tocItems></toc>