﻿<?xml version="1.0" encoding="utf-8"?><toc><breadcrumbs><li><a href="d75eb659-6335-53f6-af7a-81814a21ab7f.htm">Docs</a></li><li><a href="d75eb659-6335-53f6-af7a-81814a21ab7f.htm">Mediatek<wbr />86_<wbr />rnc</a></li><li><a href="db4dfb11-7c41-a4dc-b6fb-f9efc2501479.htm">Mediatek<wbr />86.<wbr />dal</a></li><li><a href="bb7a01b7-94dd-55ea-d8f8-01df44932f8b.htm">Responsable</a></li><li><a href="bdc2fae8-a5b6-1158-8499-3217e8c8d345.htm">Fields</a></li></breadcrumbs><tocItems><li><a id="27bb89a6-8626-7416-2a1a-d348eeed9e1b" href="27bb89a6-8626-7416-2a1a-d348eeed9e1b.htm">bdd<wbr />Manager</a></li></tocItems></toc>