﻿<?xml version="1.0" encoding="utf-8"?><toc><breadcrumbs><li><a href="d75eb659-6335-53f6-af7a-81814a21ab7f.htm">Docs</a></li><li><a href="d75eb659-6335-53f6-af7a-81814a21ab7f.htm">Mediatek<wbr />86_<wbr />rnc</a></li><li><a href="41b32f03-95e8-15a9-4d5d-997c3b2cb49e.htm">Mediatek<wbr />86.<wbr />controller</a></li><li><a href="5c159121-7741-7ece-ac05-ce01ecfc9f8c.htm">Personnel<wbr />Controller</a></li><li><a href="bbee4510-b7cc-5039-e182-13aeb6a85cb0.htm">Fields</a></li></breadcrumbs><tocItems><li><a id="09f294c8-8ca8-3ab6-15e2-ab133483ae36" href="09f294c8-8ca8-3ab6-15e2-ab133483ae36.htm">access</a></li></tocItems></toc>