﻿<?xml version="1.0" encoding="utf-8"?><toc><breadcrumbs><li><a href="d75eb659-6335-53f6-af7a-81814a21ab7f.htm">Docs</a></li><li><a href="d75eb659-6335-53f6-af7a-81814a21ab7f.htm">Mediatek<wbr />86_<wbr />rnc</a></li><li><a href="58c41816-9eb8-0e0d-723c-9ea40f30b7eb.htm">Mediatek<wbr />86.<wbr />model</a></li><li><a href="bbd1b9e8-1ad5-bb7a-cbed-5f47e9e29845.htm">Service<wbr />Info</a></li><li><a href="f7c5c054-1e47-80cc-85e6-0e9926526813.htm">Methods</a></li></breadcrumbs><tocItems><li><a id="c29008cd-7dc7-f240-206c-cf03583e456e" href="c29008cd-7dc7-f240-206c-cf03583e456e.htm">To<wbr />String</a></li></tocItems></toc>