﻿<?xml version="1.0" encoding="utf-8"?><toc><breadcrumbs><li><a href="d75eb659-6335-53f6-af7a-81814a21ab7f.htm">Docs</a></li><li><a href="d75eb659-6335-53f6-af7a-81814a21ab7f.htm">Mediatek<wbr />86_<wbr />rnc</a></li><li><a href="db4dfb11-7c41-a4dc-b6fb-f9efc2501479.htm">Mediatek<wbr />86.<wbr />dal</a></li></breadcrumbs><tocItems><li><a id="960b23aa-b5ab-d799-647e-47de1b86fa90" class="has-submenu" href="960b23aa-b5ab-d799-647e-47de1b86fa90.htm"><span data-tocFile="../toc/IDADA.xml" class="icon toggle" onclick="ToggleExpandCollapse(this); return false;"><i class="fa fa-angle-right"> </i></span>Access</a><ul class="toc-menu is-hidden"> </ul></li><li><a id="a59bd623-ee11-86bb-e90f-d353a7024b74" class="has-submenu" href="a59bd623-ee11-86bb-e90f-d353a7024b74.htm"><span data-tocFile="../toc/IDBDA.xml" class="icon toggle" onclick="ToggleExpandCollapse(this); return false;"><i class="fa fa-angle-right"> </i></span>Connexion</a><ul class="toc-menu is-hidden"> </ul></li><li><a id="bb7a01b7-94dd-55ea-d8f8-01df44932f8b" class="has-submenu" href="bb7a01b7-94dd-55ea-d8f8-01df44932f8b.htm"><span data-tocFile="../toc/IDCDA.xml" class="icon toggle" onclick="ToggleExpandCollapse(this); return false;"><i class="fa fa-angle-right"> </i></span>Responsable</a><ul class="toc-menu is-hidden"> </ul></li></tocItems></toc>