﻿<?xml version="1.0" encoding="utf-8"?><toc><breadcrumbs><li><a href="d75eb659-6335-53f6-af7a-81814a21ab7f.htm">Docs</a></li><li><a href="d75eb659-6335-53f6-af7a-81814a21ab7f.htm">Mediatek<wbr />86_<wbr />rnc</a></li><li><a href="41b32f03-95e8-15a9-4d5d-997c3b2cb49e.htm">Mediatek<wbr />86.<wbr />controller</a></li><li><a href="5c159121-7741-7ece-ac05-ce01ecfc9f8c.htm">Personnel<wbr />Controller</a></li></breadcrumbs><tocItems><li><a id="e9ad3afa-8a25-b3d5-e66e-f29e43c3bf97" href="e9ad3afa-8a25-b3d5-e66e-f29e43c3bf97.htm">Constructor</a></li><li><a id="9b8af583-8e9c-1a87-b46d-c71af0ab93ff" class="has-submenu" href="9b8af583-8e9c-1a87-b46d-c71af0ab93ff.htm"><span data-tocFile="../toc/IDBDCA.xml" class="icon toggle" onclick="ToggleExpandCollapse(this); return false;"><i class="fa fa-angle-right"> </i></span>Methods</a><ul class="toc-menu is-hidden"> </ul></li><li><a id="bbee4510-b7cc-5039-e182-13aeb6a85cb0" class="has-submenu" href="bbee4510-b7cc-5039-e182-13aeb6a85cb0.htm"><span data-tocFile="../toc/IDCDCA.xml" class="icon toggle" onclick="ToggleExpandCollapse(this); return false;"><i class="fa fa-angle-right"> </i></span>Fields</a><ul class="toc-menu is-hidden"> </ul></li></tocItems></toc>