﻿<?xml version="1.0" encoding="utf-8"?><toc><breadcrumbs><li><a href="d75eb659-6335-53f6-af7a-81814a21ab7f.htm">Docs</a></li><li><a href="d75eb659-6335-53f6-af7a-81814a21ab7f.htm">Mediatek<wbr />86_<wbr />rnc</a></li><li><a href="3ff1a084-5200-7751-2fa7-cd010665c4cc.htm">Mediatek<wbr />86.<wbr />view</a></li><li><a href="497596b2-d15c-9348-32b4-23a749d7f454.htm">Form<wbr />Mediatheque</a></li><li><a href="4c5d7207-3d6e-c4b8-37be-92454f745f86.htm">Fields</a></li></breadcrumbs><tocItems><li><a id="14b785ae-1df6-c3d4-8b9a-8cb564f3de6b" href="14b785ae-1df6-c3d4-8b9a-8cb564f3de6b.htm">absence<wbr />Controller</a></li><li><a id="81b3715f-6547-0b00-7d8b-146b3863a8bc" href="81b3715f-6547-0b00-7d8b-146b3863a8bc.htm">bnt<wbr />Ajouter<wbr />Abs</a></li><li><a id="4633affb-88b7-cb36-bb2d-3927b58b3ad8" href="4633affb-88b7-cb36-bb2d-3927b58b3ad8.htm">bouton<wbr />Selection</a></li><li><a id="94b52b6b-39ca-b5b0-aeb3-0f1589b5edec" href="94b52b6b-39ca-b5b0-aeb3-0f1589b5edec.htm">bouton<wbr />Selection<wbr />Abs</a></li><li><a id="124cd9d6-cfaa-45d0-9ca1-0cabcd35a190" href="124cd9d6-cfaa-45d0-9ca1-0cabcd35a190.htm">btn<wbr />Ajouter<wbr />Perso</a></li><li><a id="34a74fcd-e924-405e-e4df-cb4d9b05e629" href="34a74fcd-e924-405e-e4df-cb4d9b05e629.htm">btn<wbr />Modifier<wbr />Abs</a></li><li><a id="331d17e7-72df-9ca7-5ea9-81af94f6f25a" href="331d17e7-72df-9ca7-5ea9-81af94f6f25a.htm">btn<wbr />Modifier<wbr />Perso</a></li><li><a id="15cdd35c-f558-8d20-feba-a4f2959e86ba" href="15cdd35c-f558-8d20-feba-a4f2959e86ba.htm">btn<wbr />Supprimer<wbr />Abs</a></li><li><a id="4217d099-e7cb-92a4-5fe9-6561fa57da7e" href="4217d099-e7cb-92a4-5fe9-6561fa57da7e.htm">btn<wbr />Supprimer<wbr />Perso</a></li><li><a id="3b69508e-bbfb-1be1-eda8-6ff5ca97e2fc" href="3b69508e-bbfb-1be1-eda8-6ff5ca97e2fc.htm">btn<wbr />Valider</a></li><li><a id="1c31424b-707e-ade4-52d7-32d060fad1b8" href="1c31424b-707e-ade4-52d7-32d060fad1b8.htm">btn<wbr />Valider<wbr />Abs</a></li><li><a id="b86cba85-66a0-1d42-d282-b459b08fdfbb" href="b86cba85-66a0-1d42-d282-b459b08fdfbb.htm">cb<wbr />Motif</a></li><li><a id="f7d93715-2f94-274b-292b-dcf8a0bb0293" href="f7d93715-2f94-274b-292b-dcf8a0bb0293.htm">cb<wbr />Nom<wbr />Absent</a></li><li><a id="c6fc18b2-cf07-cecd-f791-1afb0581e578" href="c6fc18b2-cf07-cecd-f791-1afb0581e578.htm">check<wbr />Non<wbr />Def</a></li><li><a id="24ab59d0-8e78-d181-7b6f-c1ad9eade14b" href="24ab59d0-8e78-d181-7b6f-c1ad9eade14b.htm">combo<wbr />Service</a></li><li><a id="0c082262-236d-debb-2b4b-b6f8753e5733" href="0c082262-236d-debb-2b4b-b6f8753e5733.htm">components</a></li><li><a id="be73d1a1-9b18-53cb-2ef4-2484d6575e1a" href="be73d1a1-9b18-53cb-2ef4-2484d6575e1a.htm">controller</a></li><li><a id="2dff8d66-c94c-a5e1-b30e-71319e2562b2" href="2dff8d66-c94c-a5e1-b30e-71319e2562b2.htm">date<wbr />Debut</a></li><li><a id="5ef719ba-d877-6803-717a-a28d7ff7ea53" href="5ef719ba-d877-6803-717a-a28d7ff7ea53.htm">date<wbr />Fin</a></li><li><a id="556adb31-482b-d60d-5d43-5d48a2258f41" href="556adb31-482b-d60d-5d43-5d48a2258f41.htm">dgv<wbr />Personnel</a></li><li><a id="62c157f4-4cff-c751-07cd-4c68f0a5c708" href="62c157f4-4cff-c751-07cd-4c68f0a5c708.htm">label<wbr />1</a></li><li><a id="782b6a0e-284f-bad6-7a7b-b93e11b9b193" href="782b6a0e-284f-bad6-7a7b-b93e11b9b193.htm">label<wbr />10</a></li><li><a id="20f92aa9-ad85-714c-e0d8-b3f00fc5952b" href="20f92aa9-ad85-714c-e0d8-b3f00fc5952b.htm">label<wbr />2</a></li><li><a id="75446522-0248-83d4-aaca-0334c8640049" href="75446522-0248-83d4-aaca-0334c8640049.htm">label<wbr />3</a></li><li><a id="ee98ff57-6c79-3ec7-69c7-862b9b1ec10e" href="ee98ff57-6c79-3ec7-69c7-862b9b1ec10e.htm">label<wbr />4</a></li><li><a id="042407b8-c90d-13b0-1886-30876e884ae0" href="042407b8-c90d-13b0-1886-30876e884ae0.htm">label<wbr />5</a></li><li><a id="24b24c7c-4709-ee3d-92b2-1e69412a50fe" href="24b24c7c-4709-ee3d-92b2-1e69412a50fe.htm">label<wbr />6</a></li><li><a id="5014f0ce-8b8c-f1d3-9a54-4422557f2f1f" href="5014f0ce-8b8c-f1d3-9a54-4422557f2f1f.htm">label<wbr />7</a></li><li><a id="8317d8bc-24a2-483b-0888-a4b9e7413117" href="8317d8bc-24a2-483b-0888-a4b9e7413117.htm">label<wbr />8</a></li><li><a id="bcba7650-9ae9-765e-9861-b67454339141" href="bcba7650-9ae9-765e-9861-b67454339141.htm">label<wbr />9</a></li><li><a id="82ce5212-3200-d549-7df4-065b28b3743a" href="82ce5212-3200-d549-7df4-065b28b3743a.htm">motif<wbr />Controller</a></li><li><a id="f403ba2f-9759-b100-41e3-626d001dd788" href="f403ba2f-9759-b100-41e3-626d001dd788.htm">tab<wbr />Absence</a></li><li><a id="14fafe74-d675-155e-158b-8cc6dedd57c8" href="14fafe74-d675-155e-158b-8cc6dedd57c8.htm">tab<wbr />Perso</a></li><li><a id="64cc176a-543d-551e-0b52-6976e5e30c42" href="64cc176a-543d-551e-0b52-6976e5e30c42.htm">tab<wbr />Perso<wbr />Abs</a></li><li><a id="eead7698-788b-3dbe-a609-2335cc8b7257" href="eead7698-788b-3dbe-a609-2335cc8b7257.htm">tab<wbr />Selection</a></li><li><a id="7f122f3e-6943-4990-d968-c04306e38c94" href="7f122f3e-6943-4990-d968-c04306e38c94.htm">txt<wbr />Mail</a></li><li><a id="f3a5a687-2a5b-d0c5-68fb-f7ebc67b469c" href="f3a5a687-2a5b-d0c5-68fb-f7ebc67b469c.htm">txt<wbr />Nom</a></li><li><a id="72cc3b6d-3d77-6a82-768a-3851900e7d30" href="72cc3b6d-3d77-6a82-768a-3851900e7d30.htm">txt<wbr />Prenom</a></li><li><a id="2fa182b5-24aa-b33d-4c0f-f991ee302a38" href="2fa182b5-24aa-b33d-4c0f-f991ee302a38.htm">txt<wbr />Tel</a></li></tocItems></toc>