﻿<?xml version="1.0" encoding="utf-8"?><toc><breadcrumbs><li><a href="d75eb659-6335-53f6-af7a-81814a21ab7f.htm">Docs</a></li><li><a href="d75eb659-6335-53f6-af7a-81814a21ab7f.htm">Mediatek<wbr />86_<wbr />rnc</a></li><li><a href="58c41816-9eb8-0e0d-723c-9ea40f30b7eb.htm">Mediatek<wbr />86.<wbr />model</a></li><li><a href="bbd1b9e8-1ad5-bb7a-cbed-5f47e9e29845.htm">Service<wbr />Info</a></li></breadcrumbs><tocItems><li><a id="c52e1e5d-f5ab-8ba9-83f5-4a1f4480cd2f" href="c52e1e5d-f5ab-8ba9-83f5-4a1f4480cd2f.htm">Constructor</a></li><li><a id="c99535bb-9e1c-4bcb-ee8c-c1516bbec36c" class="has-submenu" href="c99535bb-9e1c-4bcb-ee8c-c1516bbec36c.htm"><span data-tocFile="../toc/IDBFEA.xml" class="icon toggle" onclick="ToggleExpandCollapse(this); return false;"><i class="fa fa-angle-right"> </i></span>Properties</a><ul class="toc-menu is-hidden"> </ul></li><li><a id="f7c5c054-1e47-80cc-85e6-0e9926526813" class="has-submenu" href="f7c5c054-1e47-80cc-85e6-0e9926526813.htm"><span data-tocFile="../toc/IDCFEA.xml" class="icon toggle" onclick="ToggleExpandCollapse(this); return false;"><i class="fa fa-angle-right"> </i></span>Methods</a><ul class="toc-menu is-hidden"> </ul></li></tocItems></toc>