﻿<?xml version="1.0" encoding="utf-8"?><toc><breadcrumbs><li><a href="d75eb659-6335-53f6-af7a-81814a21ab7f.htm">Docs</a></li><li><a href="d75eb659-6335-53f6-af7a-81814a21ab7f.htm">Mediatek<wbr />86_<wbr />rnc</a></li></breadcrumbs><tocItems><li><a id="8e254d6d-42d6-2695-de53-0d28e0f96b99" class="has-submenu" href="8e254d6d-42d6-2695-de53-0d28e0f96b99.htm"><span data-tocFile="../toc/IDAA.xml" class="icon toggle" onclick="ToggleExpandCollapse(this); return false;"><i class="fa fa-angle-right"> </i></span>Mediatek<wbr />86</a><ul class="toc-menu is-hidden"> </ul></li><li><a id="937b0601-fe9e-05b5-1e78-128589000dc0" class="has-submenu" href="937b0601-fe9e-05b5-1e78-128589000dc0.htm"><span data-tocFile="../toc/IDBA.xml" class="icon toggle" onclick="ToggleExpandCollapse(this); return false;"><i class="fa fa-angle-right"> </i></span>Mediatek<wbr />86.<wbr />bddmanager</a><ul class="toc-menu is-hidden"> </ul></li><li><a id="41b32f03-95e8-15a9-4d5d-997c3b2cb49e" class="has-submenu" href="41b32f03-95e8-15a9-4d5d-997c3b2cb49e.htm"><span data-tocFile="../toc/IDCA.xml" class="icon toggle" onclick="ToggleExpandCollapse(this); return false;"><i class="fa fa-angle-right"> </i></span>Mediatek<wbr />86.<wbr />controller</a><ul class="toc-menu is-hidden"> </ul></li><li><a id="db4dfb11-7c41-a4dc-b6fb-f9efc2501479" class="has-submenu" href="db4dfb11-7c41-a4dc-b6fb-f9efc2501479.htm"><span data-tocFile="../toc/IDDA.xml" class="icon toggle" onclick="ToggleExpandCollapse(this); return false;"><i class="fa fa-angle-right"> </i></span>Mediatek<wbr />86.<wbr />dal</a><ul class="toc-menu is-hidden"> </ul></li><li><a id="58c41816-9eb8-0e0d-723c-9ea40f30b7eb" class="has-submenu" href="58c41816-9eb8-0e0d-723c-9ea40f30b7eb.htm"><span data-tocFile="../toc/IDEA.xml" class="icon toggle" onclick="ToggleExpandCollapse(this); return false;"><i class="fa fa-angle-right"> </i></span>Mediatek<wbr />86.<wbr />model</a><ul class="toc-menu is-hidden"> </ul></li><li><a id="3ff1a084-5200-7751-2fa7-cd010665c4cc" class="has-submenu" href="3ff1a084-5200-7751-2fa7-cd010665c4cc.htm"><span data-tocFile="../toc/IDFA.xml" class="icon toggle" onclick="ToggleExpandCollapse(this); return false;"><i class="fa fa-angle-right"> </i></span>Mediatek<wbr />86.<wbr />view</a><ul class="toc-menu is-hidden"> </ul></li></tocItems></toc>