﻿<?xml version="1.0" encoding="utf-8"?><toc><breadcrumbs><li><a href="d75eb659-6335-53f6-af7a-81814a21ab7f.htm">Docs</a></li><li><a href="d75eb659-6335-53f6-af7a-81814a21ab7f.htm">Mediatek<wbr />86_<wbr />rnc</a></li><li><a href="5323228e-07eb-1dea-693d-2c8401ac737a.htm">habilitations<wbr />2024.<wbr />bddmanager</a></li></breadcrumbs><tocItems><li><a id="bd51396f-32f8-b212-7f7a-30159c864cf6" class="has-submenu" href="bd51396f-32f8-b212-7f7a-30159c864cf6.htm"><span data-tocFile="../toc/IDAAA.xml" class="icon toggle" onclick="ToggleExpandCollapse(this); return false;"><i class="fa fa-angle-right"> </i></span>Bdd<wbr />Manager</a><ul class="toc-menu is-hidden"> </ul></li></tocItems></toc>