﻿<?xml version="1.0" encoding="utf-8"?><toc><breadcrumbs><li><a href="d75eb659-6335-53f6-af7a-81814a21ab7f.htm">Docs</a></li><li><a href="d75eb659-6335-53f6-af7a-81814a21ab7f.htm">Mediatek<wbr />86_<wbr />rnc</a></li><li><a href="5323228e-07eb-1dea-693d-2c8401ac737a.htm">habilitations<wbr />2024.<wbr />bddmanager</a></li><li><a href="bd51396f-32f8-b212-7f7a-30159c864cf6.htm">Bdd<wbr />Manager</a></li></breadcrumbs><tocItems><li><a id="596b0736-0cf0-eb7a-4142-e7dfac34e73b" href="596b0736-0cf0-eb7a-4142-e7dfac34e73b.htm">Constructor</a></li><li><a id="f84519e3-6aa8-dd9f-84e9-d7d24956d4ee" class="has-submenu" href="f84519e3-6aa8-dd9f-84e9-d7d24956d4ee.htm"><span data-tocFile="../toc/IDBAAA.xml" class="icon toggle" onclick="ToggleExpandCollapse(this); return false;"><i class="fa fa-angle-right"> </i></span>Methods</a><ul class="toc-menu is-hidden"> </ul></li><li><a id="8cdeed05-2c34-de94-caeb-7cf988f74cef" class="has-submenu" href="8cdeed05-2c34-de94-caeb-7cf988f74cef.htm"><span data-tocFile="../toc/IDCAAA.xml" class="icon toggle" onclick="ToggleExpandCollapse(this); return false;"><i class="fa fa-angle-right"> </i></span>Fields</a><ul class="toc-menu is-hidden"> </ul></li></tocItems></toc>