﻿<?xml version="1.0" encoding="utf-8"?><toc><breadcrumbs><li><a href="d75eb659-6335-53f6-af7a-81814a21ab7f.htm">Docs</a></li><li><a href="d75eb659-6335-53f6-af7a-81814a21ab7f.htm">Mediatek<wbr />86_<wbr />rnc</a></li><li><a href="937b0601-fe9e-05b5-1e78-128589000dc0.htm">Mediatek<wbr />86.<wbr />bddmanager</a></li><li><a href="5f8bba51-2805-1088-c863-d86d1a236279.htm">Bdd<wbr />Manager</a></li></breadcrumbs><tocItems><li><a id="89211f08-b1aa-b107-72a5-f599514108a5" href="89211f08-b1aa-b107-72a5-f599514108a5.htm">Constructor</a></li><li><a id="b535d425-4a1f-2e18-228a-c20508433929" class="has-submenu" href="b535d425-4a1f-2e18-228a-c20508433929.htm"><span data-tocFile="../toc/IDBABA.xml" class="icon toggle" onclick="ToggleExpandCollapse(this); return false;"><i class="fa fa-angle-right"> </i></span>Methods</a><ul class="toc-menu is-hidden"> </ul></li><li><a id="e7c41716-b016-d986-ec37-04dd8abbe888" class="has-submenu" href="e7c41716-b016-d986-ec37-04dd8abbe888.htm"><span data-tocFile="../toc/IDCABA.xml" class="icon toggle" onclick="ToggleExpandCollapse(this); return false;"><i class="fa fa-angle-right"> </i></span>Fields</a><ul class="toc-menu is-hidden"> </ul></li></tocItems></toc>