﻿<?xml version="1.0" encoding="utf-8"?><toc><breadcrumbs><li><a href="d75eb659-6335-53f6-af7a-81814a21ab7f.htm">Docs</a></li><li><a href="d75eb659-6335-53f6-af7a-81814a21ab7f.htm">Mediatek<wbr />86_<wbr />rnc</a></li><li><a href="8e254d6d-42d6-2695-de53-0d28e0f96b99.htm">Mediatek<wbr />86</a></li><li><a href="185f7105-ab45-cc83-63e4-86dc9910f9f0.htm">Program</a></li><li><a href="dba942f8-5641-4ccd-adca-bf60be62a8dd.htm">Methods</a></li></breadcrumbs><tocItems><li><a id="1ca8b4c8-4e11-6be7-2ddf-c9574b8b6f7d" href="1ca8b4c8-4e11-6be7-2ddf-c9574b8b6f7d.htm">Main</a></li></tocItems></toc>