﻿<?xml version="1.0" encoding="utf-8"?><toc><breadcrumbs><li><a href="d75eb659-6335-53f6-af7a-81814a21ab7f.htm">Docs</a></li><li><a href="d75eb659-6335-53f6-af7a-81814a21ab7f.htm">Mediatek<wbr />86_<wbr />rnc</a></li><li><a href="41b32f03-95e8-15a9-4d5d-997c3b2cb49e.htm">Mediatek<wbr />86.<wbr />controller</a></li><li><a href="59000759-51d3-974c-e730-9776b79cfafa.htm">Absence<wbr />Controller</a></li></breadcrumbs><tocItems><li><a id="6caf4aec-2cf6-e7c3-7ea7-c21e8983e9c9" href="6caf4aec-2cf6-e7c3-7ea7-c21e8983e9c9.htm">Constructor</a></li><li><a id="39e5809b-1b3c-4580-7c65-b46d65bd163b" href="39e5809b-1b3c-4580-7c65-b46d65bd163b.htm">Methods</a></li></tocItems></toc>