﻿<?xml version="1.0" encoding="utf-8"?><toc><breadcrumbs><li><a href="d75eb659-6335-53f6-af7a-81814a21ab7f.htm">Docs</a></li><li><a href="d75eb659-6335-53f6-af7a-81814a21ab7f.htm">Mediatek<wbr />86_<wbr />rnc</a></li><li><a href="3ff1a084-5200-7751-2fa7-cd010665c4cc.htm">Mediatek<wbr />86.<wbr />view</a></li><li><a href="497596b2-d15c-9348-32b4-23a749d7f454.htm">Form<wbr />Mediatheque</a></li><li><a href="4a2153aa-d99b-f354-9946-20818842b6b8.htm">Methods</a></li><li><a href="404d21c4-9825-4988-d8bb-40e9e50aef57.htm">Dispose</a></li></breadcrumbs><tocItems><li><a id="aae33855-1919-e65e-3841-f2188afd5a99" href="aae33855-1919-e65e-3841-f2188afd5a99.htm">Dispose(<wbr />Boolean)</a></li></tocItems></toc>