﻿<?xml version="1.0" encoding="utf-8"?><toc><breadcrumbs><li><a href="d75eb659-6335-53f6-af7a-81814a21ab7f.htm">Docs</a></li><li><a href="d75eb659-6335-53f6-af7a-81814a21ab7f.htm">Mediatek<wbr />86_<wbr />rnc</a></li><li><a href="58c41816-9eb8-0e0d-723c-9ea40f30b7eb.htm">Mediatek<wbr />86.<wbr />model</a></li><li><a href="8bb085df-c744-59d2-7da8-fc31226002be.htm">Absence</a></li></breadcrumbs><tocItems><li><a id="74b12e63-373e-aebf-21f0-34769ed59ac1" href="74b12e63-373e-aebf-21f0-34769ed59ac1.htm">Constructor</a></li><li><a id="746d1f28-c3ba-1710-c3db-72c386b2e409" class="has-submenu" href="746d1f28-c3ba-1710-c3db-72c386b2e409.htm"><span data-tocFile="../toc/IDBAEA.xml" class="icon toggle" onclick="ToggleExpandCollapse(this); return false;"><i class="fa fa-angle-right"> </i></span>Properties</a><ul class="toc-menu is-hidden"> </ul></li><li><a id="d40ace5c-a960-d1c5-1d51-debdceecc1eb" href="d40ace5c-a960-d1c5-1d51-debdceecc1eb.htm">Methods</a></li></tocItems></toc>