﻿<?xml version="1.0" encoding="utf-8"?><toc><breadcrumbs><li><a href="d75eb659-6335-53f6-af7a-81814a21ab7f.htm">Docs</a></li><li><a href="d75eb659-6335-53f6-af7a-81814a21ab7f.htm">Mediatek<wbr />86_<wbr />rnc</a></li><li><a href="58c41816-9eb8-0e0d-723c-9ea40f30b7eb.htm">Mediatek<wbr />86.<wbr />model</a></li><li><a href="8bb085df-c744-59d2-7da8-fc31226002be.htm">Absence</a></li></breadcrumbs><tocItems><li><a id="65192bbf-9bf6-90d7-291d-c036ec9d2046" href="65192bbf-9bf6-90d7-291d-c036ec9d2046.htm">Constructor</a></li><li><a id="d40ace5c-a960-d1c5-1d51-debdceecc1eb" href="d40ace5c-a960-d1c5-1d51-debdceecc1eb.htm">Methods</a></li></tocItems></toc>