﻿<?xml version="1.0" encoding="utf-8"?><toc><breadcrumbs><li><a href="d75eb659-6335-53f6-af7a-81814a21ab7f.htm">Docs</a></li><li><a href="d75eb659-6335-53f6-af7a-81814a21ab7f.htm">Mediatek<wbr />86_<wbr />rnc</a></li><li><a href="3ff1a084-5200-7751-2fa7-cd010665c4cc.htm">Mediatek<wbr />86.<wbr />view</a></li><li><a href="497596b2-d15c-9348-32b4-23a749d7f454.htm">Form<wbr />Mediatheque</a></li></breadcrumbs><tocItems><li><a id="0a5b6c44-3fc9-ed69-2e84-82d026aeaf1f" href="0a5b6c44-3fc9-ed69-2e84-82d026aeaf1f.htm">Constructor</a></li><li><a id="799bc078-d58a-6f80-660a-215404673c82" href="799bc078-d58a-6f80-660a-215404673c82.htm">Properties</a></li><li><a id="4a2153aa-d99b-f354-9946-20818842b6b8" class="has-submenu" href="4a2153aa-d99b-f354-9946-20818842b6b8.htm"><span data-tocFile="../toc/IDCAEA.xml" class="icon toggle" onclick="ToggleExpandCollapse(this); return false;"><i class="fa fa-angle-right"> </i></span>Methods</a><ul class="toc-menu is-hidden"> </ul></li><li><a id="465edaef-2f4d-cce6-480e-0d2741f353d8" href="465edaef-2f4d-cce6-480e-0d2741f353d8.htm">Events</a></li><li><a id="4c5d7207-3d6e-c4b8-37be-92454f745f86" class="has-submenu" href="4c5d7207-3d6e-c4b8-37be-92454f745f86.htm"><span data-tocFile="../toc/IDEAEA.xml" class="icon toggle" onclick="ToggleExpandCollapse(this); return false;"><i class="fa fa-angle-right"> </i></span>Fields</a><ul class="toc-menu is-hidden"> </ul></li></tocItems></toc>