﻿<?xml version="1.0" encoding="utf-8"?><toc><breadcrumbs><li><a href="d75eb659-6335-53f6-af7a-81814a21ab7f.htm">Docs</a></li><li><a href="d75eb659-6335-53f6-af7a-81814a21ab7f.htm">Mediatek<wbr />86_<wbr />rnc</a></li><li><a href="58c41816-9eb8-0e0d-723c-9ea40f30b7eb.htm">Mediatek<wbr />86.<wbr />model</a></li><li><a href="8bb085df-c744-59d2-7da8-fc31226002be.htm">Absence</a></li><li><a href="746d1f28-c3ba-1710-c3db-72c386b2e409.htm">Properties</a></li></breadcrumbs><tocItems><li><a id="125506c7-6876-a51c-8355-136e403dbb13" href="125506c7-6876-a51c-8355-136e403dbb13.htm">Date<wbr />Debut</a></li><li><a id="4ab38497-34ac-98cc-d797-651571b5f06c" href="4ab38497-34ac-98cc-d797-651571b5f06c.htm">Date<wbr />Fin</a></li><li><a id="b0bcba56-1f04-7327-0402-a44a9ac958a6" href="b0bcba56-1f04-7327-0402-a44a9ac958a6.htm">Motif</a></li><li><a id="dbb4d302-456b-6201-d6b8-d2e65e717eef" href="dbb4d302-456b-6201-d6b8-d2e65e717eef.htm">Nom</a></li></tocItems></toc>