﻿<?xml version="1.0" encoding="utf-8"?><toc><breadcrumbs><li><a href="d75eb659-6335-53f6-af7a-81814a21ab7f.htm">Docs</a></li><li><a href="d75eb659-6335-53f6-af7a-81814a21ab7f.htm">Mediatek<wbr />86_<wbr />rnc</a></li><li><a href="41b32f03-95e8-15a9-4d5d-997c3b2cb49e.htm">Mediatek<wbr />86.<wbr />controller</a></li><li><a href="59000759-51d3-974c-e730-9776b79cfafa.htm">Absence<wbr />Controller</a></li><li><a href="39e5809b-1b3c-4580-7c65-b46d65bd163b.htm">Methods</a></li></breadcrumbs><tocItems><li><a id="06c3f891-d4ba-b15b-cd5f-75759a3702b9" href="06c3f891-d4ba-b15b-cd5f-75759a3702b9.htm">Get<wbr />All<wbr />Absences</a></li></tocItems></toc>