﻿<?xml version="1.0" encoding="utf-8"?><toc><breadcrumbs><li><a href="d75eb659-6335-53f6-af7a-81814a21ab7f.htm">Docs</a></li><li><a href="d75eb659-6335-53f6-af7a-81814a21ab7f.htm">Mediatek<wbr />86_<wbr />rnc</a></li><li><a href="8e254d6d-42d6-2695-de53-0d28e0f96b99.htm">Mediatek<wbr />86</a></li><li><a href="2b472735-30ea-0fe7-c1ab-e3a1f62e741d.htm">Namespace<wbr />Doc</a></li></breadcrumbs><tocItems><li><a id="59eb4416-d708-d15b-dee2-c7bed757d4da" href="59eb4416-d708-d15b-dee2-c7bed757d4da.htm">Constructor</a></li><li><a id="40a9a2c3-6180-c218-f780-9e92cc4d52e4" href="40a9a2c3-6180-c218-f780-9e92cc4d52e4.htm">Methods</a></li></tocItems></toc>