﻿<?xml version="1.0" encoding="utf-8"?><toc><breadcrumbs><li><a href="d75eb659-6335-53f6-af7a-81814a21ab7f.htm">Docs</a></li><li><a href="d75eb659-6335-53f6-af7a-81814a21ab7f.htm">Mediatek<wbr />86_<wbr />rnc</a></li><li><a href="937b0601-fe9e-05b5-1e78-128589000dc0.htm">Mediatek<wbr />86.<wbr />bddmanager</a></li></breadcrumbs><tocItems><li><a id="5f8bba51-2805-1088-c863-d86d1a236279" class="has-submenu" href="5f8bba51-2805-1088-c863-d86d1a236279.htm"><span data-tocFile="../toc/IDABA.xml" class="icon toggle" onclick="ToggleExpandCollapse(this); return false;"><i class="fa fa-angle-right"> </i></span>Bdd<wbr />Manager</a><ul class="toc-menu is-hidden"> </ul></li></tocItems></toc>