﻿<?xml version="1.0" encoding="utf-8"?><toc><breadcrumbs><li><a href="d75eb659-6335-53f6-af7a-81814a21ab7f.htm">Docs</a></li><li><a href="d75eb659-6335-53f6-af7a-81814a21ab7f.htm">Mediatek<wbr />86_<wbr />rnc</a></li><li><a href="5323228e-07eb-1dea-693d-2c8401ac737a.htm">habilitations<wbr />2024.<wbr />bddmanager</a></li><li><a href="bd51396f-32f8-b212-7f7a-30159c864cf6.htm">Bdd<wbr />Manager</a></li><li><a href="f84519e3-6aa8-dd9f-84e9-d7d24956d4ee.htm">Methods</a></li></breadcrumbs><tocItems><li><a id="5f740450-c420-3ede-83ab-468a4d7696a1" href="5f740450-c420-3ede-83ab-468a4d7696a1.htm">Get<wbr />Instance</a></li><li><a id="efd4d01e-5989-a0b9-416b-d2825885b2b0" href="efd4d01e-5989-a0b9-416b-d2825885b2b0.htm">Req<wbr />Controle</a></li><li><a id="55d7bcd0-0e2e-d98d-4e79-ab535a530ede" href="55d7bcd0-0e2e-d98d-4e79-ab535a530ede.htm">Req<wbr />Select</a></li><li><a id="5cd3e647-7c13-5583-6d56-970d404eb676" href="5cd3e647-7c13-5583-6d56-970d404eb676.htm">Req<wbr />Update</a></li></tocItems></toc>