﻿<?xml version="1.0" encoding="utf-8"?><toc><breadcrumbs><li><a href="d75eb659-6335-53f6-af7a-81814a21ab7f.htm">Docs</a></li><li><a href="d75eb659-6335-53f6-af7a-81814a21ab7f.htm">Mediatek<wbr />86_<wbr />rnc</a></li><li><a href="db4dfb11-7c41-a4dc-b6fb-f9efc2501479.htm">Mediatek<wbr />86.<wbr />dal</a></li><li><a href="960b23aa-b5ab-d799-647e-47de1b86fa90.htm">Access</a></li><li><a href="6a39cc6d-1495-1278-8b52-e34d792935aa.htm">Methods</a></li></breadcrumbs><tocItems><li><a id="e814b449-11af-c3de-4764-6de7ef1143a1" href="e814b449-11af-c3de-4764-6de7ef1143a1.htm">Get<wbr />All<wbr />Personnel</a></li></tocItems></toc>