﻿<?xml version="1.0" encoding="utf-8"?><toc><breadcrumbs><li><a href="d75eb659-6335-53f6-af7a-81814a21ab7f.htm">Docs</a></li><li><a href="d75eb659-6335-53f6-af7a-81814a21ab7f.htm">Mediatek<wbr />86_<wbr />rnc</a></li><li><a href="58c41816-9eb8-0e0d-723c-9ea40f30b7eb.htm">Mediatek<wbr />86.<wbr />model</a></li><li><a href="d8deebff-9d44-1234-ca2d-8f6c9498f929.htm">Motif</a></li><li><a href="0c8a80da-3f35-5b53-715a-889105ad5e10.htm">Properties</a></li></breadcrumbs><tocItems><li><a id="4d019501-346b-17b6-892d-0193a737f59d" href="4d019501-346b-17b6-892d-0193a737f59d.htm">Id<wbr />Motif</a></li><li><a id="fd289108-72a7-e781-b98e-c2237cd790a3" href="fd289108-72a7-e781-b98e-c2237cd790a3.htm">Libelle</a></li></tocItems></toc>