﻿<?xml version="1.0" encoding="utf-8"?><toc><breadcrumbs><li><a href="d75eb659-6335-53f6-af7a-81814a21ab7f.htm">Docs</a></li><li><a href="d75eb659-6335-53f6-af7a-81814a21ab7f.htm">Mediatek<wbr />86_<wbr />rnc</a></li><li><a href="41b32f03-95e8-15a9-4d5d-997c3b2cb49e.htm">Mediatek<wbr />86.<wbr />controller</a></li><li><a href="c6924e25-37d4-fbf2-eaf8-762c346fd13b.htm">Authentification</a></li><li><a href="b238eda5-3913-67d8-0500-e38d24f3550f.htm">Methods</a></li></breadcrumbs><tocItems><li><a id="e51311c5-538c-9f06-3662-178f3334883a" href="e51311c5-538c-9f06-3662-178f3334883a.htm">Connexion</a></li><li><a id="37ce4eca-d095-82fb-2d26-29bb2dfa9bc6" href="37ce4eca-d095-82fb-2d26-29bb2dfa9bc6.htm">Hash<wbr />SHA<wbr />256</a></li><li><a id="5e202c28-76fb-6fd9-c424-8687c4312f5d" href="5e202c28-76fb-6fd9-c424-8687c4312f5d.htm">Test<wbr />Hash</a></li></tocItems></toc>