﻿<?xml version="1.0" encoding="utf-8"?><toc><breadcrumbs><li><a href="d75eb659-6335-53f6-af7a-81814a21ab7f.htm">Docs</a></li><li><a href="d75eb659-6335-53f6-af7a-81814a21ab7f.htm">Mediatek<wbr />86_<wbr />rnc</a></li><li><a href="db4dfb11-7c41-a4dc-b6fb-f9efc2501479.htm">Mediatek<wbr />86.<wbr />dal</a></li><li><a href="f8e11a74-265d-037e-a4ab-476fdee02c9e.htm">Connexion.<wbr />Personnel<wbr />DAL</a></li></breadcrumbs><tocItems><li><a id="2e84244d-117a-1bb3-492e-b348968a87af" href="2e84244d-117a-1bb3-492e-b348968a87af.htm">Constructor</a></li><li><a id="dda475d8-dedd-e821-ebb4-c0795775b9d9" href="dda475d8-dedd-e821-ebb4-c0795775b9d9.htm">Constructor</a></li><li><a id="e58a23e6-61a0-6de4-b8a5-0b0dc0365e55" href="e58a23e6-61a0-6de4-b8a5-0b0dc0365e55.htm">Methods</a></li><li><a id="c04d6fbd-5ac6-1aa8-a48a-59a41ebc8b5c" class="has-submenu" href="c04d6fbd-5ac6-1aa8-a48a-59a41ebc8b5c.htm"><span data-tocFile="../toc/IDDBCA.xml" class="icon toggle" onclick="ToggleExpandCollapse(this); return false;"><i class="fa fa-angle-right"> </i></span>Fields</a><ul class="toc-menu is-hidden"> </ul></li></tocItems></toc>