﻿<?xml version="1.0" encoding="utf-8"?><toc><breadcrumbs><li><a href="d75eb659-6335-53f6-af7a-81814a21ab7f.htm">Docs</a></li><li><a href="d75eb659-6335-53f6-af7a-81814a21ab7f.htm">Mediatek<wbr />86_<wbr />rnc</a></li><li><a href="41b32f03-95e8-15a9-4d5d-997c3b2cb49e.htm">Mediatek<wbr />86.<wbr />controller</a></li><li><a href="5c159121-7741-7ece-ac05-ce01ecfc9f8c.htm">Personnel<wbr />Controller</a></li><li><a href="9b8af583-8e9c-1a87-b46d-c71af0ab93ff.htm">Methods</a></li></breadcrumbs><tocItems><li><a id="801f474d-fe46-89c2-1a72-d851236463dc" href="801f474d-fe46-89c2-1a72-d851236463dc.htm">Get<wbr />Personnels</a></li></tocItems></toc>