﻿<?xml version="1.0" encoding="utf-8"?><toc><breadcrumbs><li><a href="d75eb659-6335-53f6-af7a-81814a21ab7f.htm">Docs</a></li><li><a href="d75eb659-6335-53f6-af7a-81814a21ab7f.htm">Mediatek<wbr />86_<wbr />rnc</a></li><li><a href="db4dfb11-7c41-a4dc-b6fb-f9efc2501479.htm">Mediatek<wbr />86.<wbr />dal</a></li><li><a href="bb7a01b7-94dd-55ea-d8f8-01df44932f8b.htm">Responsable</a></li><li><a href="159f5d9f-a0ac-dd5a-2141-f76e512c8695.htm">Methods</a></li></breadcrumbs><tocItems><li><a id="e8256a08-410d-6c67-47e7-7c2258ea7c9d" href="e8256a08-410d-6c67-47e7-7c2258ea7c9d.htm">Verifier<wbr />Connexion</a></li></tocItems></toc>