﻿<?xml version="1.0" encoding="utf-8"?><toc><breadcrumbs><li><a href="d75eb659-6335-53f6-af7a-81814a21ab7f.htm">Docs</a></li><li><a href="d75eb659-6335-53f6-af7a-81814a21ab7f.htm">Mediatek<wbr />86_<wbr />rnc</a></li><li><a href="41b32f03-95e8-15a9-4d5d-997c3b2cb49e.htm">Mediatek<wbr />86.<wbr />controller</a></li><li><a href="64836ae2-e888-ef04-3508-bb08319ce908.htm">Motif<wbr />Controller</a></li><li><a href="81b03c2d-93b8-e99e-76bd-01cc066e5089.htm">Methods</a></li></breadcrumbs><tocItems><li><a id="5c7f22e2-97bc-0c6d-8fc5-f86035c164ad" href="5c7f22e2-97bc-0c6d-8fc5-f86035c164ad.htm">Get<wbr />All<wbr />Motifs</a></li></tocItems></toc>