﻿<?xml version="1.0" encoding="utf-8"?><toc><breadcrumbs><li><a href="d75eb659-6335-53f6-af7a-81814a21ab7f.htm">Docs</a></li><li><a href="d75eb659-6335-53f6-af7a-81814a21ab7f.htm">Mediatek<wbr />86_<wbr />rnc</a></li><li><a href="8e254d6d-42d6-2695-de53-0d28e0f96b99.htm">Mediatek<wbr />86</a></li><li><a href="6175b384-062f-5f7f-1959-eb261a915e3b.htm">Form<wbr />Authentification</a></li><li><a href="31d951fd-d56d-9efa-40d3-0bc8a73c9729.htm">Methods</a></li><li><a href="47e39b13-b989-0794-4cf8-d610c95419c8.htm">Dispose</a></li></breadcrumbs><tocItems><li><a id="df71b0f9-8a12-186b-be4d-17b5c09c61a4" href="df71b0f9-8a12-186b-be4d-17b5c09c61a4.htm">Dispose(<wbr />Boolean)</a></li></tocItems></toc>