﻿<?xml version="1.0" encoding="utf-8"?><toc><breadcrumbs><li><a href="d75eb659-6335-53f6-af7a-81814a21ab7f.htm">Docs</a></li><li><a href="d75eb659-6335-53f6-af7a-81814a21ab7f.htm">Mediatek<wbr />86_<wbr />rnc</a></li><li><a href="41b32f03-95e8-15a9-4d5d-997c3b2cb49e.htm">Mediatek<wbr />86.<wbr />controller</a></li><li><a href="c6924e25-37d4-fbf2-eaf8-762c346fd13b.htm">Authentification</a></li></breadcrumbs><tocItems><li><a id="cf3f2417-66de-1675-04ee-f1bb1065dc95" href="cf3f2417-66de-1675-04ee-f1bb1065dc95.htm">Constructor</a></li><li><a id="b238eda5-3913-67d8-0500-e38d24f3550f" class="has-submenu" href="b238eda5-3913-67d8-0500-e38d24f3550f.htm"><span data-tocFile="../toc/IDBBCA.xml" class="icon toggle" onclick="ToggleExpandCollapse(this); return false;"><i class="fa fa-angle-right"> </i></span>Methods</a><ul class="toc-menu is-hidden"> </ul></li><li><a id="4b113989-be79-53b5-0147-574b97a0cb28" class="has-submenu" href="4b113989-be79-53b5-0147-574b97a0cb28.htm"><span data-tocFile="../toc/IDCBCA.xml" class="icon toggle" onclick="ToggleExpandCollapse(this); return false;"><i class="fa fa-angle-right"> </i></span>Fields</a><ul class="toc-menu is-hidden"> </ul></li></tocItems></toc>