﻿<?xml version="1.0" encoding="utf-8"?><toc><breadcrumbs><li><a href="d75eb659-6335-53f6-af7a-81814a21ab7f.htm">Docs</a></li><li><a href="d75eb659-6335-53f6-af7a-81814a21ab7f.htm">Mediatek<wbr />86_<wbr />rnc</a></li><li><a href="58c41816-9eb8-0e0d-723c-9ea40f30b7eb.htm">Mediatek<wbr />86.<wbr />model</a></li><li><a href="bbef0677-0b37-00f1-18a8-613a3e555a99.htm">Personnel</a></li><li><a href="60ffdee2-1978-1497-b503-1d3252da0363.htm">Properties</a></li></breadcrumbs><tocItems><li><a id="9df0a2bc-604e-bf5f-392c-dfc7af6934a3" href="9df0a2bc-604e-bf5f-392c-dfc7af6934a3.htm">Id</a></li><li><a id="7cdf8e9d-5516-a985-cdff-e613999609c8" href="7cdf8e9d-5516-a985-cdff-e613999609c8.htm">Id<wbr />Service</a></li><li><a id="02561436-2a5c-86bd-d062-860c467f6f04" href="02561436-2a5c-86bd-d062-860c467f6f04.htm">Mail</a></li><li><a id="d8ce5fa8-3638-2077-1cf1-dcb1c687aad8" href="d8ce5fa8-3638-2077-1cf1-dcb1c687aad8.htm">Nom</a></li><li><a id="65c8e93c-bb4a-85d1-cdc6-85f1580bf562" href="65c8e93c-bb4a-85d1-cdc6-85f1580bf562.htm">Prenom</a></li><li><a id="5ed70f8e-5ce5-a901-e71b-da0e1cf4e1a7" href="5ed70f8e-5ce5-a901-e71b-da0e1cf4e1a7.htm">Service</a></li><li><a id="06c7c86c-d0a9-d3a5-653f-5a5ddcfc0cda" href="06c7c86c-d0a9-d3a5-653f-5a5ddcfc0cda.htm">Tel</a></li></tocItems></toc>