﻿<?xml version="1.0" encoding="utf-8"?><toc><breadcrumbs><li><a href="d75eb659-6335-53f6-af7a-81814a21ab7f.htm">Docs</a></li><li><a href="d75eb659-6335-53f6-af7a-81814a21ab7f.htm">Mediatek<wbr />86_<wbr />rnc</a></li><li><a href="58c41816-9eb8-0e0d-723c-9ea40f30b7eb.htm">Mediatek<wbr />86.<wbr />model</a></li><li><a href="d8deebff-9d44-1234-ca2d-8f6c9498f929.htm">Motif</a></li></breadcrumbs><tocItems><li><a id="f3faa3ab-d35f-68e9-e99e-10ab7ee6a91f" href="f3faa3ab-d35f-68e9-e99e-10ab7ee6a91f.htm">Constructor</a></li><li><a id="0c8a80da-3f35-5b53-715a-889105ad5e10" class="has-submenu" href="0c8a80da-3f35-5b53-715a-889105ad5e10.htm"><span data-tocFile="../toc/IDBBEA.xml" class="icon toggle" onclick="ToggleExpandCollapse(this); return false;"><i class="fa fa-angle-right"> </i></span>Properties</a><ul class="toc-menu is-hidden"> </ul></li><li><a id="4cf53e74-cbde-131c-a8bb-50ef08a0164a" href="4cf53e74-cbde-131c-a8bb-50ef08a0164a.htm">Methods</a></li></tocItems></toc>