﻿<?xml version="1.0" encoding="utf-8"?><toc><breadcrumbs><li><a href="d75eb659-6335-53f6-af7a-81814a21ab7f.htm">Docs</a></li><li><a href="d75eb659-6335-53f6-af7a-81814a21ab7f.htm">Mediatek<wbr />86_<wbr />rnc</a></li><li><a href="58c41816-9eb8-0e0d-723c-9ea40f30b7eb.htm">Mediatek<wbr />86.<wbr />model</a></li><li><a href="fb5920dc-aecc-6a3f-027d-3e2828e585be.htm">Service</a></li><li><a href="963d503b-ed21-d5fa-afe9-0bb39fe3a445.htm">Properties</a></li></breadcrumbs><tocItems><li><a id="9dfda9b2-333a-1b54-d1dd-26c69f009d29" href="9dfda9b2-333a-1b54-d1dd-26c69f009d29.htm">Service<wbr />Type</a></li></tocItems></toc>