﻿<?xml version="1.0" encoding="utf-8"?><toc><breadcrumbs><li><a href="d75eb659-6335-53f6-af7a-81814a21ab7f.htm">Docs</a></li><li><a href="d75eb659-6335-53f6-af7a-81814a21ab7f.htm">Mediatek<wbr />86_<wbr />rnc</a></li><li><a href="58c41816-9eb8-0e0d-723c-9ea40f30b7eb.htm">Mediatek<wbr />86.<wbr />model</a></li><li><a href="fb5920dc-aecc-6a3f-027d-3e2828e585be.htm">Service</a></li><li><a href="963d503b-ed21-d5fa-afe9-0bb39fe3a445.htm">Properties</a></li></breadcrumbs><tocItems><li><a id="fa453041-b3b6-6a3f-1faa-2e73c85c10f4" href="fa453041-b3b6-6a3f-1faa-2e73c85c10f4.htm">Id<wbr />Service</a></li><li><a id="af89ebcc-9e69-97b3-543f-744b2b64a6c2" href="af89ebcc-9e69-97b3-543f-744b2b64a6c2.htm">Libelle<wbr />Service</a></li></tocItems></toc>