﻿<?xml version="1.0" encoding="utf-8"?><toc><breadcrumbs><li><a href="d75eb659-6335-53f6-af7a-81814a21ab7f.htm">Docs</a></li><li><a href="d75eb659-6335-53f6-af7a-81814a21ab7f.htm">Mediatek<wbr />86_<wbr />rnc</a></li><li><a href="58c41816-9eb8-0e0d-723c-9ea40f30b7eb.htm">Mediatek<wbr />86.<wbr />model</a></li><li><a href="d8deebff-9d44-1234-ca2d-8f6c9498f929.htm">Motif</a></li></breadcrumbs><tocItems><li><a id="ed196710-4045-2ba2-1cb7-20ab020575d3" href="ed196710-4045-2ba2-1cb7-20ab020575d3.htm">Constructor</a></li><li><a id="4cf53e74-cbde-131c-a8bb-50ef08a0164a" href="4cf53e74-cbde-131c-a8bb-50ef08a0164a.htm">Methods</a></li></tocItems></toc>