﻿<?xml version="1.0" encoding="utf-8"?><toc><breadcrumbs><li><a href="d75eb659-6335-53f6-af7a-81814a21ab7f.htm">Docs</a></li><li><a href="d75eb659-6335-53f6-af7a-81814a21ab7f.htm">Mediatek<wbr />86_<wbr />rnc</a></li><li><a href="58c41816-9eb8-0e0d-723c-9ea40f30b7eb.htm">Mediatek<wbr />86.<wbr />model</a></li><li><a href="bbd1b9e8-1ad5-bb7a-cbed-5f47e9e29845.htm">Service<wbr />Info</a></li><li><a href="c99535bb-9e1c-4bcb-ee8c-c1516bbec36c.htm">Properties</a></li></breadcrumbs><tocItems><li><a id="68a7bcf6-704f-84a8-36b8-509961d1b459" href="68a7bcf6-704f-84a8-36b8-509961d1b459.htm">Id<wbr />Service</a></li><li><a id="2859705d-52c7-71b0-fc88-61f237148c63" href="2859705d-52c7-71b0-fc88-61f237148c63.htm">Libelle</a></li></tocItems></toc>