﻿<?xml version="1.0" encoding="utf-8"?><toc><breadcrumbs><li><a href="d75eb659-6335-53f6-af7a-81814a21ab7f.htm">Docs</a></li><li><a href="d75eb659-6335-53f6-af7a-81814a21ab7f.htm">Mediatek<wbr />86_<wbr />rnc</a></li><li><a href="db4dfb11-7c41-a4dc-b6fb-f9efc2501479.htm">Mediatek<wbr />86.<wbr />dal</a></li></breadcrumbs><tocItems><li><a id="a59bd623-ee11-86bb-e90f-d353a7024b74" class="has-submenu" href="a59bd623-ee11-86bb-e90f-d353a7024b74.htm"><span data-tocFile="../toc/IDACA.xml" class="icon toggle" onclick="ToggleExpandCollapse(this); return false;"><i class="fa fa-angle-right"> </i></span>Connexion</a><ul class="toc-menu is-hidden"> </ul></li><li><a id="f8e11a74-265d-037e-a4ab-476fdee02c9e" class="has-submenu" href="f8e11a74-265d-037e-a4ab-476fdee02c9e.htm"><span data-tocFile="../toc/IDBCA.xml" class="icon toggle" onclick="ToggleExpandCollapse(this); return false;"><i class="fa fa-angle-right"> </i></span>Connexion.<wbr />Personnel<wbr />DAL</a><ul class="toc-menu is-hidden"> </ul></li></tocItems></toc>