﻿<?xml version="1.0" encoding="utf-8"?><toc><breadcrumbs><li><a href="d75eb659-6335-53f6-af7a-81814a21ab7f.htm">Docs</a></li><li><a href="d75eb659-6335-53f6-af7a-81814a21ab7f.htm">Mediatek<wbr />86_<wbr />rnc</a></li><li><a href="41b32f03-95e8-15a9-4d5d-997c3b2cb49e.htm">Mediatek<wbr />86.<wbr />controller</a></li></breadcrumbs><tocItems><li><a id="59000759-51d3-974c-e730-9776b79cfafa" class="has-submenu" href="59000759-51d3-974c-e730-9776b79cfafa.htm"><span data-tocFile="../toc/IDACA.xml" class="icon toggle" onclick="ToggleExpandCollapse(this); return false;"><i class="fa fa-angle-right"> </i></span>Absence<wbr />Controller</a><ul class="toc-menu is-hidden"> </ul></li><li><a id="c6924e25-37d4-fbf2-eaf8-762c346fd13b" class="has-submenu" href="c6924e25-37d4-fbf2-eaf8-762c346fd13b.htm"><span data-tocFile="../toc/IDBCA.xml" class="icon toggle" onclick="ToggleExpandCollapse(this); return false;"><i class="fa fa-angle-right"> </i></span>Authentification</a><ul class="toc-menu is-hidden"> </ul></li><li><a id="5c159121-7741-7ece-ac05-ce01ecfc9f8c" class="has-submenu" href="5c159121-7741-7ece-ac05-ce01ecfc9f8c.htm"><span data-tocFile="../toc/IDCCA.xml" class="icon toggle" onclick="ToggleExpandCollapse(this); return false;"><i class="fa fa-angle-right"> </i></span>Personnel<wbr />Controller</a><ul class="toc-menu is-hidden"> </ul></li></tocItems></toc>