﻿<?xml version="1.0" encoding="utf-8"?><toc><breadcrumbs><li><a href="d75eb659-6335-53f6-af7a-81814a21ab7f.htm">Docs</a></li><li><a href="d75eb659-6335-53f6-af7a-81814a21ab7f.htm">Mediatek<wbr />86_<wbr />rnc</a></li><li><a href="5323228e-07eb-1dea-693d-2c8401ac737a.htm">habilitations<wbr />2024.<wbr />bddmanager</a></li><li><a href="bd51396f-32f8-b212-7f7a-30159c864cf6.htm">Bdd<wbr />Manager</a></li><li><a href="8cdeed05-2c34-de94-caeb-7cf988f74cef.htm">Fields</a></li></breadcrumbs><tocItems><li><a id="cb03b3a8-fd3b-cc28-0b3e-473f9155b1f3" href="cb03b3a8-fd3b-cc28-0b3e-473f9155b1f3.htm">connection</a></li><li><a id="2c072c1c-3fe2-b0ae-4f7d-34e8918f5b08" href="2c072c1c-3fe2-b0ae-4f7d-34e8918f5b08.htm">instance</a></li></tocItems></toc>