﻿<?xml version="1.0" encoding="utf-8"?><toc><breadcrumbs><li><a href="d75eb659-6335-53f6-af7a-81814a21ab7f.htm">Docs</a></li><li><a href="d75eb659-6335-53f6-af7a-81814a21ab7f.htm">Mediatek<wbr />86_<wbr />rnc</a></li><li><a href="8e254d6d-42d6-2695-de53-0d28e0f96b99.htm">Mediatek<wbr />86</a></li><li><a href="6175b384-062f-5f7f-1959-eb261a915e3b.htm">Form<wbr />Authentification</a></li><li><a href="31d951fd-d56d-9efa-40d3-0bc8a73c9729.htm">Methods</a></li></breadcrumbs><tocItems><li><a id="47e39b13-b989-0794-4cf8-d610c95419c8" class="has-submenu" href="47e39b13-b989-0794-4cf8-d610c95419c8.htm"><span data-tocFile="../toc/IDACABA.xml" class="icon toggle" onclick="ToggleExpandCollapse(this); return false;"><i class="fa fa-angle-right"> </i></span>Dispose</a><ul class="toc-menu is-hidden"> </ul></li><li><a id="221084a4-46ac-d57c-99e4-8da8a0d075fd" href="221084a4-46ac-d57c-99e4-8da8a0d075fd.htm">Form<wbr />1_<wbr />Load</a></li><li><a id="31928bb3-7590-e94b-ac34-7848d452df20" href="31928bb3-7590-e94b-ac34-7848d452df20.htm">Initialize<wbr />Component</a></li></tocItems></toc>