﻿<?xml version="1.0" encoding="utf-8"?><toc><breadcrumbs><li><a href="d75eb659-6335-53f6-af7a-81814a21ab7f.htm">Docs</a></li><li><a href="d75eb659-6335-53f6-af7a-81814a21ab7f.htm">Mediatek<wbr />86_<wbr />rnc</a></li><li><a href="937b0601-fe9e-05b5-1e78-128589000dc0.htm">Mediatek<wbr />86.<wbr />bddmanager</a></li><li><a href="5f8bba51-2805-1088-c863-d86d1a236279.htm">Bdd<wbr />Manager</a></li><li><a href="e7c41716-b016-d986-ec37-04dd8abbe888.htm">Fields</a></li></breadcrumbs><tocItems><li><a id="3088449f-bdee-8a2f-79c8-d49b58083c99" href="3088449f-bdee-8a2f-79c8-d49b58083c99.htm">connection</a></li><li><a id="baa75bcb-024d-8a1d-d1b5-6a3413f507af" href="baa75bcb-024d-8a1d-d1b5-6a3413f507af.htm">instance</a></li></tocItems></toc>