﻿<?xml version="1.0" encoding="utf-8"?><toc><breadcrumbs><li><a href="d75eb659-6335-53f6-af7a-81814a21ab7f.htm">Docs</a></li><li><a href="d75eb659-6335-53f6-af7a-81814a21ab7f.htm">Mediatek<wbr />86_<wbr />rnc</a></li><li><a href="41b32f03-95e8-15a9-4d5d-997c3b2cb49e.htm">Mediatek<wbr />86.<wbr />controller</a></li><li><a href="59000759-51d3-974c-e730-9776b79cfafa.htm">Absence<wbr />Controller</a></li><li><a href="84967382-5981-6d0e-a41b-5e70b080715f.htm">Fields</a></li></breadcrumbs><tocItems><li><a id="2bc099fd-2354-9aae-7ac6-78dd10bef7fe" href="2bc099fd-2354-9aae-7ac6-78dd10bef7fe.htm">access</a></li></tocItems></toc>