﻿<?xml version="1.0" encoding="utf-8"?><toc><breadcrumbs><li><a href="d75eb659-6335-53f6-af7a-81814a21ab7f.htm">Docs</a></li><li><a href="d75eb659-6335-53f6-af7a-81814a21ab7f.htm">Mediatek<wbr />86_<wbr />rnc</a></li><li><a href="3ff1a084-5200-7751-2fa7-cd010665c4cc.htm">Mediatek<wbr />86.<wbr />view</a></li><li><a href="497596b2-d15c-9348-32b4-23a749d7f454.htm">Form<wbr />Mediatheque</a></li><li><a href="4a2153aa-d99b-f354-9946-20818842b6b8.htm">Methods</a></li></breadcrumbs><tocItems><li><a id="404d21c4-9825-4988-d8bb-40e9e50aef57" class="has-submenu" href="404d21c4-9825-4988-d8bb-40e9e50aef57.htm"><span data-tocFile="../toc/IDACAEA.xml" class="icon toggle" onclick="ToggleExpandCollapse(this); return false;"><i class="fa fa-angle-right"> </i></span>Dispose</a><ul class="toc-menu is-hidden"> </ul></li><li><a id="62f31279-0b6c-8ae6-cf38-e191747723f9" href="62f31279-0b6c-8ae6-cf38-e191747723f9.htm">Form<wbr />Mediatheque_<wbr />Load</a></li><li><a id="c7708926-2cda-646e-5b0a-c37b7d585747" href="c7708926-2cda-646e-5b0a-c37b7d585747.htm">Initialize<wbr />Component</a></li></tocItems></toc>