﻿<?xml version="1.0" encoding="utf-8"?><toc><breadcrumbs><li><a href="d75eb659-6335-53f6-af7a-81814a21ab7f.htm">Docs</a></li><li><a href="d75eb659-6335-53f6-af7a-81814a21ab7f.htm">Mediatek<wbr />86_<wbr />rnc</a></li><li><a href="db4dfb11-7c41-a4dc-b6fb-f9efc2501479.htm">Mediatek<wbr />86.<wbr />dal</a></li><li><a href="960b23aa-b5ab-d799-647e-47de1b86fa90.htm">Access</a></li><li><a href="3babbe33-6e16-4b0d-6228-f1f4f898b49a.htm">Fields</a></li></breadcrumbs><tocItems><li><a id="745b177c-2bfd-1b0b-0df6-d6ae13d8b897" href="745b177c-2bfd-1b0b-0df6-d6ae13d8b897.htm">bdd<wbr />Manager</a></li></tocItems></toc>