﻿<?xml version="1.0" encoding="utf-8"?><toc><breadcrumbs><li><a href="d75eb659-6335-53f6-af7a-81814a21ab7f.htm">Docs</a></li><li><a href="d75eb659-6335-53f6-af7a-81814a21ab7f.htm">Mediatek<wbr />86_<wbr />rnc</a></li><li><a href="db4dfb11-7c41-a4dc-b6fb-f9efc2501479.htm">Mediatek<wbr />86.<wbr />dal</a></li><li><a href="a59bd623-ee11-86bb-e90f-d353a7024b74.htm">Connexion</a></li><li><a href="562f978c-6580-70ed-540d-91438e35f4fc.htm">Methods</a></li></breadcrumbs><tocItems><li><a id="76517c9a-44b7-a370-8bf0-2fed4653fc3a" href="76517c9a-44b7-a370-8bf0-2fed4653fc3a.htm">Get<wbr />Bdd<wbr />Manager</a></li></tocItems></toc>