﻿<?xml version="1.0" encoding="utf-8"?><toc><breadcrumbs><li><a href="d75eb659-6335-53f6-af7a-81814a21ab7f.htm">Docs</a></li><li><a href="d75eb659-6335-53f6-af7a-81814a21ab7f.htm">Mediatek<wbr />86_<wbr />rnc</a></li><li><a href="41b32f03-95e8-15a9-4d5d-997c3b2cb49e.htm">Mediatek<wbr />86.<wbr />controller</a></li><li><a href="64836ae2-e888-ef04-3508-bb08319ce908.htm">Motif<wbr />Controller</a></li></breadcrumbs><tocItems><li><a id="37129baa-c956-bc22-8288-67d8ade3e1eb" href="37129baa-c956-bc22-8288-67d8ade3e1eb.htm">Constructor</a></li><li><a id="81b03c2d-93b8-e99e-76bd-01cc066e5089" class="has-submenu" href="81b03c2d-93b8-e99e-76bd-01cc066e5089.htm"><span data-tocFile="../toc/IDBCCA.xml" class="icon toggle" onclick="ToggleExpandCollapse(this); return false;"><i class="fa fa-angle-right"> </i></span>Methods</a><ul class="toc-menu is-hidden"> </ul></li><li><a id="c90a5ae1-1a3e-c785-4ff8-ee3bf9158173" class="has-submenu" href="c90a5ae1-1a3e-c785-4ff8-ee3bf9158173.htm"><span data-tocFile="../toc/IDCCCA.xml" class="icon toggle" onclick="ToggleExpandCollapse(this); return false;"><i class="fa fa-angle-right"> </i></span>Fields</a><ul class="toc-menu is-hidden"> </ul></li></tocItems></toc>