﻿<?xml version="1.0" encoding="utf-8"?><toc><breadcrumbs><li><a href="d75eb659-6335-53f6-af7a-81814a21ab7f.htm">Docs</a></li><li><a href="d75eb659-6335-53f6-af7a-81814a21ab7f.htm">Mediatek<wbr />86_<wbr />rnc</a></li><li><a href="41b32f03-95e8-15a9-4d5d-997c3b2cb49e.htm">Mediatek<wbr />86.<wbr />controller</a></li><li><a href="64836ae2-e888-ef04-3508-bb08319ce908.htm">Motif<wbr />Controller</a></li><li><a href="c90a5ae1-1a3e-c785-4ff8-ee3bf9158173.htm">Fields</a></li></breadcrumbs><tocItems><li><a id="eee494cf-5b07-03a1-343c-1aeb7c43d197" href="eee494cf-5b07-03a1-343c-1aeb7c43d197.htm">access</a></li></tocItems></toc>