﻿<?xml version="1.0" encoding="utf-8"?><toc><breadcrumbs><li><a href="d75eb659-6335-53f6-af7a-81814a21ab7f.htm">Docs</a></li><li><a href="d75eb659-6335-53f6-af7a-81814a21ab7f.htm">Mediatek<wbr />86_<wbr />rnc</a></li><li><a href="58c41816-9eb8-0e0d-723c-9ea40f30b7eb.htm">Mediatek<wbr />86.<wbr />model</a></li><li><a href="bbef0677-0b37-00f1-18a8-613a3e555a99.htm">Personnel</a></li></breadcrumbs><tocItems><li><a id="e66dda4c-501b-8b5d-bcac-b0248bf56569" href="e66dda4c-501b-8b5d-bcac-b0248bf56569.htm">Constructor</a></li><li><a id="769b8d56-b8e5-a9a4-879e-bd3ba240f85f" href="769b8d56-b8e5-a9a4-879e-bd3ba240f85f.htm">Methods</a></li></tocItems></toc>