﻿<?xml version="1.0" encoding="utf-8"?><toc><breadcrumbs><li><a href="d75eb659-6335-53f6-af7a-81814a21ab7f.htm">Docs</a></li><li><a href="d75eb659-6335-53f6-af7a-81814a21ab7f.htm">Mediatek<wbr />86_<wbr />rnc</a></li><li><a href="db4dfb11-7c41-a4dc-b6fb-f9efc2501479.htm">Mediatek<wbr />86.<wbr />dal</a></li><li><a href="bb7a01b7-94dd-55ea-d8f8-01df44932f8b.htm">Responsable</a></li></breadcrumbs><tocItems><li><a id="89dc6206-2fff-97d5-da27-8cef1771a88e" href="89dc6206-2fff-97d5-da27-8cef1771a88e.htm">Constructor</a></li><li><a id="159f5d9f-a0ac-dd5a-2141-f76e512c8695" class="has-submenu" href="159f5d9f-a0ac-dd5a-2141-f76e512c8695.htm"><span data-tocFile="../toc/IDBCDA.xml" class="icon toggle" onclick="ToggleExpandCollapse(this); return false;"><i class="fa fa-angle-right"> </i></span>Methods</a><ul class="toc-menu is-hidden"> </ul></li><li><a id="bdc2fae8-a5b6-1158-8499-3217e8c8d345" class="has-submenu" href="bdc2fae8-a5b6-1158-8499-3217e8c8d345.htm"><span data-tocFile="../toc/IDCCDA.xml" class="icon toggle" onclick="ToggleExpandCollapse(this); return false;"><i class="fa fa-angle-right"> </i></span>Fields</a><ul class="toc-menu is-hidden"> </ul></li></tocItems></toc>