﻿<?xml version="1.0" encoding="utf-8"?><toc><breadcrumbs><li><a href="d75eb659-6335-53f6-af7a-81814a21ab7f.htm">Docs</a></li><li><a href="d75eb659-6335-53f6-af7a-81814a21ab7f.htm">Mediatek<wbr />86_<wbr />rnc</a></li><li><a href="58c41816-9eb8-0e0d-723c-9ea40f30b7eb.htm">Mediatek<wbr />86.<wbr />model</a></li><li><a href="bbef0677-0b37-00f1-18a8-613a3e555a99.htm">Personnel</a></li></breadcrumbs><tocItems><li><a id="d7287dc5-08a4-4f7c-65c7-4b8f38dc06ef" href="d7287dc5-08a4-4f7c-65c7-4b8f38dc06ef.htm">Constructor</a></li><li><a id="60ffdee2-1978-1497-b503-1d3252da0363" class="has-submenu" href="60ffdee2-1978-1497-b503-1d3252da0363.htm"><span data-tocFile="../toc/IDBCEA.xml" class="icon toggle" onclick="ToggleExpandCollapse(this); return false;"><i class="fa fa-angle-right"> </i></span>Properties</a><ul class="toc-menu is-hidden"> </ul></li><li><a id="769b8d56-b8e5-a9a4-879e-bd3ba240f85f" href="769b8d56-b8e5-a9a4-879e-bd3ba240f85f.htm">Methods</a></li></tocItems></toc>