﻿<?xml version="1.0" encoding="utf-8"?><toc><breadcrumbs><li><a href="d75eb659-6335-53f6-af7a-81814a21ab7f.htm">Docs</a></li><li><a href="d75eb659-6335-53f6-af7a-81814a21ab7f.htm">Mediatek<wbr />86_<wbr />rnc</a></li><li><a href="db4dfb11-7c41-a4dc-b6fb-f9efc2501479.htm">Mediatek<wbr />86.<wbr />dal</a></li><li><a href="f8e11a74-265d-037e-a4ab-476fdee02c9e.htm">Connexion.<wbr />Personnel<wbr />DAL</a></li><li><a href="c04d6fbd-5ac6-1aa8-a48a-59a41ebc8b5c.htm">Fields</a></li></breadcrumbs><tocItems><li><a id="670af118-e2d2-1235-72fa-4deb0aa6847a" href="670af118-e2d2-1235-72fa-4deb0aa6847a.htm">bdd<wbr />Manager</a></li><li><a id="2a1ea61a-3328-902b-901f-154d477bcc5b" href="2a1ea61a-3328-902b-901f-154d477bcc5b.htm">connection<wbr />String</a></li></tocItems></toc>