﻿<?xml version="1.0" encoding="utf-8"?><toc><breadcrumbs><li><a href="d75eb659-6335-53f6-af7a-81814a21ab7f.htm">Docs</a></li><li><a href="d75eb659-6335-53f6-af7a-81814a21ab7f.htm">Mediatek<wbr />86_<wbr />rnc</a></li><li><a href="db4dfb11-7c41-a4dc-b6fb-f9efc2501479.htm">Mediatek<wbr />86.<wbr />dal</a></li><li><a href="a59bd623-ee11-86bb-e90f-d353a7024b74.htm">Connexion</a></li><li><a href="0a1f9554-db7e-8f29-fde5-b29c188a570a.htm">Fields</a></li></breadcrumbs><tocItems><li><a id="7ea50fd6-8eca-a023-ba27-84300a494748" href="7ea50fd6-8eca-a023-ba27-84300a494748.htm">connection<wbr />String</a></li></tocItems></toc>