﻿<?xml version="1.0" encoding="utf-8"?><toc><breadcrumbs><li><a href="d75eb659-6335-53f6-af7a-81814a21ab7f.htm">Docs</a></li><li><a href="d75eb659-6335-53f6-af7a-81814a21ab7f.htm">Mediatek<wbr />86_<wbr />rnc</a></li><li><a href="58c41816-9eb8-0e0d-723c-9ea40f30b7eb.htm">Mediatek<wbr />86.<wbr />model</a></li><li><a href="4a19196e-0a57-8c6b-6965-d065a00f6ae9.htm">Responsable</a></li></breadcrumbs><tocItems><li><a id="e42b2917-657e-ec2b-ded9-2c47041c1416" href="e42b2917-657e-ec2b-ded9-2c47041c1416.htm">Constructor</a></li><li><a id="e72f6b5a-bfa5-d61d-828a-af45bb6a6bcd" href="e72f6b5a-bfa5-d61d-828a-af45bb6a6bcd.htm">Methods</a></li></tocItems></toc>