﻿<?xml version="1.0" encoding="utf-8"?><toc><breadcrumbs><li><a href="d75eb659-6335-53f6-af7a-81814a21ab7f.htm">Docs</a></li><li><a href="d75eb659-6335-53f6-af7a-81814a21ab7f.htm">Mediatek<wbr />86_<wbr />rnc</a></li><li><a href="8e254d6d-42d6-2695-de53-0d28e0f96b99.htm">Mediatek<wbr />86</a></li><li><a href="6175b384-062f-5f7f-1959-eb261a915e3b.htm">Form<wbr />Authentification</a></li><li><a href="8bb426b8-07bf-9992-50f7-95e9b8034a34.htm">Fields</a></li></breadcrumbs><tocItems><li><a id="0d273a97-8ec5-eaab-a62c-cae8caf8b3f8" href="0d273a97-8ec5-eaab-a62c-cae8caf8b3f8.htm">btn<wbr />Connect</a></li><li><a id="9d0f38e2-5579-22db-02ee-d44054246ad3" href="9d0f38e2-5579-22db-02ee-d44054246ad3.htm">components</a></li><li><a id="0c482362-5afd-f1a4-e4fd-d92c7cb28ef7" href="0c482362-5afd-f1a4-e4fd-d92c7cb28ef7.htm">label<wbr />1</a></li><li><a id="9345dd0f-f57a-82d3-ede6-e33f28231d78" href="9345dd0f-f57a-82d3-ede6-e33f28231d78.htm">label<wbr />2</a></li><li><a id="5ee62b56-d622-5081-5e23-abe292b2cd4d" href="5ee62b56-d622-5081-5e23-abe292b2cd4d.htm">text<wbr />Box<wbr />1</a></li><li><a id="bf1bb738-18cf-cb9a-5483-5ac8a3da9510" href="bf1bb738-18cf-cb9a-5483-5ac8a3da9510.htm">text<wbr />Box<wbr />2</a></li></tocItems></toc>