﻿<?xml version="1.0" encoding="utf-8"?><toc><breadcrumbs><li><a href="d75eb659-6335-53f6-af7a-81814a21ab7f.htm">Docs</a></li><li><a href="d75eb659-6335-53f6-af7a-81814a21ab7f.htm">Mediatek<wbr />86_<wbr />rnc</a></li><li><a href="58c41816-9eb8-0e0d-723c-9ea40f30b7eb.htm">Mediatek<wbr />86.<wbr />model</a></li></breadcrumbs><tocItems><li><a id="8bb085df-c744-59d2-7da8-fc31226002be" class="has-submenu" href="8bb085df-c744-59d2-7da8-fc31226002be.htm"><span data-tocFile="../toc/IDAEA.xml" class="icon toggle" onclick="ToggleExpandCollapse(this); return false;"><i class="fa fa-angle-right"> </i></span>Absence</a><ul class="toc-menu is-hidden"> </ul></li><li><a id="d8deebff-9d44-1234-ca2d-8f6c9498f929" class="has-submenu" href="d8deebff-9d44-1234-ca2d-8f6c9498f929.htm"><span data-tocFile="../toc/IDBEA.xml" class="icon toggle" onclick="ToggleExpandCollapse(this); return false;"><i class="fa fa-angle-right"> </i></span>Motif</a><ul class="toc-menu is-hidden"> </ul></li><li><a id="bbef0677-0b37-00f1-18a8-613a3e555a99" class="has-submenu" href="bbef0677-0b37-00f1-18a8-613a3e555a99.htm"><span data-tocFile="../toc/IDCEA.xml" class="icon toggle" onclick="ToggleExpandCollapse(this); return false;"><i class="fa fa-angle-right"> </i></span>Personnel</a><ul class="toc-menu is-hidden"> </ul></li><li><a id="4a19196e-0a57-8c6b-6965-d065a00f6ae9" class="has-submenu" href="4a19196e-0a57-8c6b-6965-d065a00f6ae9.htm"><span data-tocFile="../toc/IDDEA.xml" class="icon toggle" onclick="ToggleExpandCollapse(this); return false;"><i class="fa fa-angle-right"> </i></span>Responsable</a><ul class="toc-menu is-hidden"> </ul></li><li><a id="fb5920dc-aecc-6a3f-027d-3e2828e585be" class="has-submenu" href="fb5920dc-aecc-6a3f-027d-3e2828e585be.htm"><span data-tocFile="../toc/IDEEA.xml" class="icon toggle" onclick="ToggleExpandCollapse(this); return false;"><i class="fa fa-angle-right"> </i></span>Service</a><ul class="toc-menu is-hidden"> </ul></li></tocItems></toc>