﻿<?xml version="1.0" encoding="utf-8"?><toc><breadcrumbs><li><a href="d75eb659-6335-53f6-af7a-81814a21ab7f.htm">Docs</a></li><li><a href="d75eb659-6335-53f6-af7a-81814a21ab7f.htm">Mediatek<wbr />86_<wbr />rnc</a></li><li><a href="58c41816-9eb8-0e0d-723c-9ea40f30b7eb.htm">Mediatek<wbr />86.<wbr />model</a></li><li><a href="fb5920dc-aecc-6a3f-027d-3e2828e585be.htm">Service</a></li></breadcrumbs><tocItems><li><a id="bae08d44-d32b-9a7c-4a88-b52529de5e79" href="bae08d44-d32b-9a7c-4a88-b52529de5e79.htm">Constructor</a></li><li><a id="2bba9d54-0ec2-1d71-6c4a-bde409d5c017" href="2bba9d54-0ec2-1d71-6c4a-bde409d5c017.htm">Methods</a></li></tocItems></toc>