﻿<?xml version="1.0" encoding="utf-8"?><toc><breadcrumbs><li><a href="d75eb659-6335-53f6-af7a-81814a21ab7f.htm">Docs</a></li><li><a href="d75eb659-6335-53f6-af7a-81814a21ab7f.htm">Mediatek<wbr />86_<wbr />rnc</a></li><li><a href="58c41816-9eb8-0e0d-723c-9ea40f30b7eb.htm">Mediatek<wbr />86.<wbr />model</a></li><li><a href="fb5920dc-aecc-6a3f-027d-3e2828e585be.htm">Service</a></li></breadcrumbs><tocItems><li><a id="fb60417c-4a7b-5e7a-1fef-72444a8f3010" href="fb60417c-4a7b-5e7a-1fef-72444a8f3010.htm">Constructor</a></li><li><a id="963d503b-ed21-d5fa-afe9-0bb39fe3a445" class="has-submenu" href="963d503b-ed21-d5fa-afe9-0bb39fe3a445.htm"><span data-tocFile="../toc/IDBEEA.xml" class="icon toggle" onclick="ToggleExpandCollapse(this); return false;"><i class="fa fa-angle-right"> </i></span>Properties</a><ul class="toc-menu is-hidden"> </ul></li><li><a id="2bba9d54-0ec2-1d71-6c4a-bde409d5c017" href="2bba9d54-0ec2-1d71-6c4a-bde409d5c017.htm">Methods</a></li></tocItems></toc>