﻿<?xml version="1.0" encoding="utf-8"?><toc><breadcrumbs><li><a href="d75eb659-6335-53f6-af7a-81814a21ab7f.htm">Docs</a></li><li><a href="d75eb659-6335-53f6-af7a-81814a21ab7f.htm">Mediatek<wbr />86_<wbr />rnc</a></li><li><a href="3ff1a084-5200-7751-2fa7-cd010665c4cc.htm">Mediatek<wbr />86.<wbr />view</a></li></breadcrumbs><tocItems><li><a id="497596b2-d15c-9348-32b4-23a749d7f454" class="has-submenu" href="497596b2-d15c-9348-32b4-23a749d7f454.htm"><span data-tocFile="../toc/IDAFA.xml" class="icon toggle" onclick="ToggleExpandCollapse(this); return false;"><i class="fa fa-angle-right"> </i></span>Form<wbr />Mediatheque</a><ul class="toc-menu is-hidden"> </ul></li></tocItems></toc>